id;Nobres;Apellidos;Sexo;edad;idTipoDeSangre;Celular;Direccion;DUI;idSeguro
31;Karla Paola;Ramos Romero;F;26;1;62613456;Res. Vista Hermosa San Salvador;26025721;1
32;Pedro Francisco;Guerrero Martinez;M;19;1;73452805;Res. Las Palmas San Salvador;72423883;4
33;Andrea Daniela;Mejia Ramos;F;30;3;62898617;Urb. Cumbres San Salvador;11069604;1
34;Patricia Laura;Guzman Mejia;F;46;3;68139768;Urb. Cumbres San Salvador;59428849;1
35;Andrea Andrea;Diaz Maldonado;F;31;3;78339484;Col. Miramonte San Salvador;30208677;4
36;Samuel Fernando;Rodriguez Morales;M;60;4;78171241;Res. Vista Hermosa San Salvador;95354668;4
37;Jorge Jose;Cordova Pena;M;0;1;72625688;Barrio El Centro San Salvador;;4
38;Roberto Enrique;Jimenez Medina;M;20;1;76509749;Col. San Benito San Salvador;29109045;2
39;Rosa Ana;Morales Guerrero;F;94;2;73859886;Res. Vista Hermosa San Salvador;71533194;1
40;Sergio Miguel;Vazquez Ramirez;M;49;3;73232233;Res. Las Palmas San Salvador;89442904;3
41;Fernando Daniel;Ramirez Jimenez;M;21;1;69787023;Barrio El Centro San Salvador;52279780;4
42;Fernanda Natalia;Fuentes Ramos;F;9;1;70672246;Urb. Cumbres San Salvador;;4
43;Claudia Rosa;Diaz Ramirez;F;9;5;79619546;Res. Las Palmas San Salvador;;2
44;Miguel Pedro;Castro Ortiz;M;23;3;70537208;Col. Escalon San Salvador;26205010;4
45;Andrea Patricia;Castro Mejia;F;5;4;75547331;Barrio El Centro San Salvador;;2
46;Juan Pedro;Silva Mejia;M;10;5;61353243;Col. Miramonte San Salvador;;3
47;Elena Rosa;Ayala Jimenez;F;13;1;71936746;Col. Escalon San Salvador;;5
48;Daniel Antonio;Castillo Gomez;M;74;1;61042941;Col. Escalon San Salvador;70693413;1
49;Miguel Mario;Perez Ramirez;M;25;1;64075295;Col. San Benito San Salvador;18277097;1
50;Luis Roberto;Herrera Chavez;M;33;1;62819895;Barrio El Centro San Salvador;20064609;4
51;Juan Roberto;Figueroa Castro;M;11;3;64321527;Res. Las Palmas San Salvador;;2
52;Carmen Ana;Ortiz Lopez;F;9;1;65636782;Col. Escalon San Salvador;;2
53;Beatriz Maria;Vargas Silva;F;14;1;74316468;Urb. Altavista San Salvador;;1
54;Patricia Karla;Gomez Romero;F;42;1;69390360;Urb. Cumbres San Salvador;29948970;4
55;Oscar Oscar;Soto Jimenez;M;37;3;69902086;Urb. Cumbres San Salvador;65296657;3
56;Ana Rosa;Romero Vargas;F;23;1;64604876;Col. Escalon San Salvador;36770773;1
57;Diego Pablo;Mora Rodriguez;M;56;5;72834505;Res. Vista Hermosa San Salvador;74382155;4
58;Teresa Karla;Guzman Vazquez;F;16;2;70791253;Col. Escalon San Salvador;;3
59;Sofia Maria;Ramos Navarro;F;25;3;67349098;Col. San Benito San Salvador;47706144;1
60;Pablo Alberto;Guerrero Mendoza;M;27;8;79595416;Col. Miramonte San Salvador;31424479;1
61;Francisco Daniel;Jimenez Romero;M;21;3;77907650;Col. San Benito San Salvador;39448924;2
62;Teresa Karla;Gomez Gomez;F;45;3;67937338;Res. Vista Hermosa San Salvador;58155056;3
63;Javier Javier;Mendoza Guzman;M;26;6;78911495;Urb. Altavista San Salvador;85579195;2
64;Mauricio Pablo;Reyes Mora;M;26;1;70370100;Urb. Altavista San Salvador;75825262;1
65;Juan Carlos;Morales Navarro;M;9;3;67342009;Col. San Benito San Salvador;;5
66;Maria Isabel;Soto Diaz;F;10;1;64378502;Res. Vista Hermosa San Salvador;;1
67;Samuel Pablo;Ramos Lopez;M;33;2;60735274;Urb. Altavista San Salvador;88733350;1
68;Alejandro Miguel;Guerrero Chavez;M;50;1;62433756;Res. Vista Hermosa San Salvador;98870866;1
69;Martha Carmen;Torres Mejia;F;69;3;70824767;Urb. Altavista San Salvador;31139813;4
70;Valeria Adriana;Reyes Figueroa;F;101;7;70646264;Urb. Altavista San Salvador;85427317;1
71;Claudia Carolina;Velasquez Gomez;F;54;1;72696463;Barrio El Centro San Salvador;49529438;5
72;Pedro Andres;Garcia Rojas;M;6;1;79221146;Col. Escalon San Salvador;;6
73;Pedro Oscar;Ramos Soto;M;3;1;67412014;Res. Las Palmas San Salvador;;2
74;Elena Isabel;Fuentes Hernandez;F;16;1;67985818;Res. Vista Hermosa San Salvador;;2
75;Sofia Adriana;Gonzalez Ayala;F;25;1;71265882;Urb. Cumbres San Salvador;11529494;6
76;Patricia Claudia;Rojas Hernandez;F;28;1;71760196;Barrio El Centro San Salvador;24500158;5
77;Carlos Ricardo;Castro Maldonado;M;17;3;74081225;Urb. Altavista San Salvador;;1
78;Beatriz Marcela;Vargas Mendoza;F;10;3;78321524;Col. Escalon San Salvador;;1
79;Mauricio Alberto;Guzman Figueroa;M;6;5;67569300;Urb. Altavista San Salvador;;3
80;Rosa Valeria;Martinez Alvarez;F;36;3;60673705;Res. Vista Hermosa San Salvador;45047967;5
81;Juan Jorge;Rivera Vargas;M;26;8;65399058;Res. Las Palmas San Salvador;83423305;6
82;Jorge Oscar;Soto Ruiz;M;21;2;61039959;Col. Escalon San Salvador;97729428;1
83;Oscar Hector;Aguilar Rivera;M;105;3;61797032;Res. Las Palmas San Salvador;54438762;5
84;Roberto Fernando;Rojas Campos;M;11;3;78123602;Barrio El Centro San Salvador;;2
85;Laura Claudia;Perez Lopez;F;23;4;73183610;Urb. Cumbres San Salvador;30614492;5
86;Rafael Jose;Aguilar Gonzalez;M;38;5;69883439;Urb. Cumbres San Salvador;36799898;4
87;Jose Roberto;Rivera Contreras;M;29;7;69791567;Res. Las Palmas San Salvador;73561576;1
88;Antonio Pablo;Herrera Ruiz;M;12;1;76411365;Barrio El Centro San Salvador;;1
89;Diego Raul;Vargas Gomez;M;22;1;72449382;Col. Escalon San Salvador;59580252;3
90;Mario Carlos;Castillo Castro;M;5;1;75604755;Barrio El Centro San Salvador;;1
91;Mauricio Manuel;Guzman Lopez;M;20;3;65071103;Res. Las Palmas San Salvador;21503440;2
92;Valeria Silvia;Medina Cordova;F;17;1;79787935;Col. Miramonte San Salvador;;5
93;Mauricio Ricardo;Guerrero Medina;M;24;3;77968881;Urb. Cumbres San Salvador;86868410;5
94;Alberto Antonio;Gonzalez Herrera;M;26;7;61165294;Urb. Altavista San Salvador;26143959;1
95;Sofia Sofia;Cruz Diaz;F;54;3;64234099;Col. San Benito San Salvador;66824417;3
96;Daniel Fernando;Diaz Contreras;M;44;5;64961970;Barrio El Centro San Salvador;52916049;3
97;Juan Ricardo;Campos Herrera;M;23;1;78523864;Res. Vista Hermosa San Salvador;47071046;4
98;Karla Daniela;Garcia Rojas;F;22;3;79715781;Col. Escalon San Salvador;25102023;4
99;Elena Elena;Guzman Velasquez;F;79;8;79551398;Res. Las Palmas San Salvador;24178065;1
100;Pablo Antonio;Mora Mendoza;M;52;1;73787181;Barrio El Centro San Salvador;61411224;1
101;Martha Lucia;Ruiz Martinez;F;26;7;65778064;Barrio El Centro San Salvador;64086249;2
102;Oscar Oscar;Silva Rojas;M;24;3;73479483;Col. San Benito San Salvador;63122402;1
103;Fernanda Claudia;Lopez Fuentes;F;5;3;75945676;Barrio El Centro San Salvador;;3
104;Maria Isabel;Mejia Mejia;F;0;1;69406872;Urb. Cumbres San Salvador;;2
105;Rodrigo Francisco;Ramirez Mejia;M;5;1;74868324;Res. Vista Hermosa San Salvador;;1
106;Paola Sandra;Navarro Figueroa;F;16;1;62995969;Col. Miramonte San Salvador;;4
107;Patricia Karla;Medina Fuentes;F;11;1;76255791;Res. Vista Hermosa San Salvador;;2
108;Enrique Pablo;Rivera Hernandez;M;22;6;70439558;Col. Escalon San Salvador;28206610;4
109;Pedro Roberto;Diaz Lopez;M;72;1;68371504;Col. San Benito San Salvador;71263503;6
110;Samuel Rafael;Ayala Diaz;M;39;3;69193159;Res. Vista Hermosa San Salvador;72306347;1
111;Adriana Karla;Sanchez Silva;F;7;1;61025530;Col. Miramonte San Salvador;;2
112;Beatriz Lucia;Castro Gomez;F;86;3;75924339;Res. Vista Hermosa San Salvador;56204319;1
113;Mauricio Hector;Castillo Fuentes;M;4;1;63033049;Barrio El Centro San Salvador;;3
114;Ricardo Carlos;Rivera Guzman;M;60;5;67191338;Col. Miramonte San Salvador;96889858;2
115;Daniel Roberto;Romero Figueroa;M;6;4;73740781;Col. San Benito San Salvador;;1
116;Alberto Samuel;Ramirez Figueroa;M;38;3;65811649;Col. San Benito San Salvador;40033905;6
117;Lucia Valeria;Mejia Ayala;F;99;1;69240171;Col. Escalon San Salvador;60529679;5
118;Diana Gabriela;Cruz Ortiz;F;22;3;70138306;Col. Escalon San Salvador;88448538;6
119;Jose Enrique;Pena Chavez;M;42;1;78839374;Barrio El Centro San Salvador;50060760;1
120;Alberto Juan;Torres Romero;M;44;1;70909789;Barrio El Centro San Salvador;45050544;1
121;Patricia Elena;Guerrero Cordova;F;22;4;68063199;Col. San Benito San Salvador;90535106;1
122;Carolina Isabel;Silva Ramirez;F;107;7;60854137;Urb. Cumbres San Salvador;49675382;1
123;Karla Sandra;Herrera Vargas;F;14;1;61185109;Col. Miramonte San Salvador;;1
124;Paola Fernanda;Morales Silva;F;23;1;77939377;Urb. Cumbres San Salvador;58116670;3
125;Daniela Sofia;Pena Campos;F;10;4;66077910;Barrio El Centro San Salvador;;3
126;Alberto Luis;Fuentes Castillo;M;6;2;78757989;Urb. Altavista San Salvador;;1
127;Adriana Rosa;Morales Mendoza;F;91;1;67493641;Barrio El Centro San Salvador;66434872;2
128;Teresa Gabriela;Velasquez Alvarez;F;58;4;75561224;Res. Las Palmas San Salvador;73154349;5
129;Rodrigo Diego;Velasquez Velasquez;M;34;1;62389603;Urb. Cumbres San Salvador;36111227;3
130;Rodrigo Daniel;Vargas Guerrero;M;12;1;70011157;Col. Escalon San Salvador;;2
131;Rodrigo Rodrigo;Flores Ramirez;M;44;1;66720838;Res. Vista Hermosa San Salvador;64920799;1
132;Elena Isabel;Ayala Gomez;F;56;4;62711582;Urb. Cumbres San Salvador;54644768;4
133;Jorge Diego;Lopez Garcia;M;0;1;75168389;Barrio El Centro San Salvador;;1
134;Alejandro Alejandro;Rivera Guzman;M;102;1;65316200;Urb. Cumbres San Salvador;21816709;6
135;Oscar Fernando;Contreras Aguilar;M;24;7;73535639;Col. Escalon San Salvador;74075580;4
136;Maria Ana;Mora Diaz;F;2;3;72519205;Col. San Benito San Salvador;;4
137;Andrea Natalia;Guerrero Diaz;F;26;3;60601165;Col. San Benito San Salvador;94112495;2
138;Francisco Javier;Mendoza Mejia;M;20;1;64326199;Res. Las Palmas San Salvador;61479273;4
139;Sofia Rosa;Martinez Mejia;F;19;1;69758561;Urb. Cumbres San Salvador;79831928;2
140;Sandra Marcela;Silva Ramirez;F;0;5;71500205;Urb. Cumbres San Salvador;;2
141;Andrea Patricia;Rivera Herrera;F;116;8;60641719;Col. Miramonte San Salvador;40107903;2
142;Roberto Andres;Rodriguez Velasquez;M;95;5;76932692;Urb. Altavista San Salvador;26530521;1
143;Fernanda Adriana;Martinez Vargas;F;16;3;68582860;Col. San Benito San Salvador;;4
144;Daniel Miguel;Figueroa Rodriguez;M;25;1;61618499;Res. Las Palmas San Salvador;65938669;2
145;Monica Carmen;Campos Castillo;F;109;1;75918099;Urb. Altavista San Salvador;37581060;1
146;Antonio Fernando;Pena Perez;M;14;1;77458680;Barrio El Centro San Salvador;;3
147;Fernando Mauricio;Perez Vazquez;M;57;3;63950516;Barrio El Centro San Salvador;25302505;4
148;Alberto Roberto;Navarro Diaz;M;107;5;68824611;Col. Miramonte San Salvador;58039455;2
149;Laura Sofia;Martinez Campos;F;27;3;76654900;Col. Miramonte San Salvador;74513622;5
150;Claudia Maria;Garcia Pena;F;38;7;62986439;Res. Las Palmas San Salvador;87061479;6
151;Elena Rosa;Vazquez Hernandez;F;20;2;63398744;Barrio El Centro San Salvador;96481420;2
152;Mario Antonio;Castillo Ortiz;M;96;5;61680412;Res. Las Palmas San Salvador;33448079;4
153;Rodrigo Antonio;Chavez Silva;M;43;1;70492709;Col. Escalon San Salvador;25555976;1
154;Rodrigo Alejandro;Martinez Garcia;M;81;1;64643746;Urb. Altavista San Salvador;54112109;4
155;Marcela Diana;Soto Romero;F;13;1;63118928;Res. Vista Hermosa San Salvador;;3
156;Sofia Carmen;Herrera Herrera;F;18;3;75318896;Barrio El Centro San Salvador;61769856;5
157;Valeria Sandra;Figueroa Rivera;F;56;1;63793548;Urb. Altavista San Salvador;17871385;6
158;Miguel Fernando;Velasquez Ruiz;M;24;3;79090573;Urb. Cumbres San Salvador;34328380;3
159;Andrea Teresa;Soto Rodriguez;F;10;1;64384065;Urb. Cumbres San Salvador;;4
160;Carmen Marcela;Medina Castro;F;20;3;61542575;Res. Las Palmas San Salvador;45113084;2
161;Maria Fernanda;Silva Guerrero;F;105;2;79349129;Col. Miramonte San Salvador;99904987;3
162;Veronica Veronica;Rojas Rojas;F;8;5;63195795;Col. Escalon San Salvador;;6
163;Alberto Rafael;Pena Silva;M;20;1;72914316;Urb. Altavista San Salvador;84939694;1
164;Jose Diego;Rivera Vazquez;M;49;2;75746723;Urb. Cumbres San Salvador;32200132;4
165;Alejandro Alberto;Ramos Jimenez;M;111;3;71102988;Barrio El Centro San Salvador;16757958;2
166;Raul Diego;Vargas Herrera;M;43;4;67885291;Res. Las Palmas San Salvador;71618633;4
167;Valeria Martha;Castro Gonzalez;F;31;3;76725412;Urb. Cumbres San Salvador;52421060;1
168;Alberto Andres;Figueroa Rodriguez;M;21;3;63444138;Col. Escalon San Salvador;65343143;1
169;Raul Raul;Garcia Gonzalez;M;57;1;70220611;Col. Miramonte San Salvador;97858385;2
170;Isabel Teresa;Lopez Morales;F;20;1;75249146;Res. Vista Hermosa San Salvador;85182173;5
171;Fernanda Carolina;Chavez Ayala;F;57;5;75184469;Res. Las Palmas San Salvador;23077775;1
172;Jose Jorge;Mendoza Contreras;M;59;3;69797342;Res. Vista Hermosa San Salvador;24270328;3
173;Hector Pedro;Reyes Ramirez;M;23;2;73730834;Res. Las Palmas San Salvador;44130133;4
174;Roberto Miguel;Herrera Cruz;M;9;2;75335919;Col. Miramonte San Salvador;;5
175;Carmen Andrea;Medina Martinez;F;10;3;79757222;Res. Las Palmas San Salvador;;1
176;Diana Carolina;Velasquez Vazquez;F;12;1;64517634;Urb. Cumbres San Salvador;;6
177;Enrique Andres;Lopez Campos;M;53;4;74522706;Urb. Cumbres San Salvador;78227286;3
178;Javier Sergio;Gomez Maldonado;M;29;1;64307777;Res. Las Palmas San Salvador;61996696;2
179;Veronica Marcela;Vargas Medina;F;23;1;68329511;Barrio El Centro San Salvador;63401206;4
180;Laura Diana;Ramirez Ramirez;F;8;3;73849439;Barrio El Centro San Salvador;;2
181;Fernanda Paola;Campos Contreras;F;16;5;67292806;Col. Miramonte San Salvador;;6
182;Oscar Javier;Alvarez Silva;M;43;7;71586129;Urb. Altavista San Salvador;97253117;3
183;Enrique Raul;Rojas Contreras;M;23;1;70817324;Res. Las Palmas San Salvador;57276557;4
184;Martha Martha;Pena Ayala;F;22;1;74008234;Barrio El Centro San Salvador;66691738;1
185;Enrique Miguel;Rodriguez Vargas;M;75;3;64876355;Col. San Benito San Salvador;99959993;2
186;Roberto Manuel;Cordova Rivera;M;75;1;69617221;Barrio El Centro San Salvador;29653285;1
187;Javier Pablo;Alvarez Cruz;M;53;1;78158722;Col. San Benito San Salvador;58141541;1
188;Carmen Lucia;Silva Fuentes;F;39;3;78853731;Col. Miramonte San Salvador;96854901;1
189;Claudia Veronica;Rojas Alvarez;F;55;1;61576383;Col. Escalon San Salvador;62016704;2
190;Valeria Carolina;Ramos Campos;F;8;2;61805302;Col. San Benito San Salvador;;6
191;Patricia Lucia;Castro Morales;F;59;3;72339344;Col. Miramonte San Salvador;35970823;1
192;Diana Sofia;Silva Hernandez;F;28;3;66273892;Urb. Altavista San Salvador;78967357;1
193;Ricardo Carlos;Aguilar Romero;M;39;1;78676350;Barrio El Centro San Salvador;27457234;1
194;Sergio Rodrigo;Castillo Garcia;M;57;3;71091846;Urb. Cumbres San Salvador;30777669;5
195;Luis Samuel;Ramos Navarro;M;103;1;61706425;Barrio El Centro San Salvador;75840632;6
196;Rosa Valeria;Ayala Ramos;F;4;7;77629333;Col. Miramonte San Salvador;;6
197;Enrique Juan;Vazquez Rivera;M;91;3;73956336;Col. Escalon San Salvador;22340723;3
198;Claudia Marcela;Cruz Pena;F;26;1;71136162;Res. Vista Hermosa San Salvador;58425464;3
199;Patricia Andrea;Soto Guerrero;F;22;3;75933563;Col. San Benito San Salvador;25397719;4
200;Diana Claudia;Figueroa Soto;F;19;3;68181481;Col. San Benito San Salvador;53075436;2
201;Karla Valeria;Sanchez Vargas;F;51;6;68609750;Barrio El Centro San Salvador;13315946;6
202;Veronica Valeria;Vazquez Castro;F;24;3;76334455;Col. San Benito San Salvador;49786693;2
203;Jorge Enrique;Gonzalez Perez;M;48;1;65616837;Col. San Benito San Salvador;94145533;5
204;Roberto Daniel;Contreras Cruz;M;52;3;74234107;Res. Las Palmas San Salvador;37592422;4
205;Adriana Natalia;Hernandez Fuentes;F;7;1;65159147;Col. San Benito San Salvador;;1
206;Fernanda Isabel;Martinez Gonzalez;F;59;4;62457796;Col. San Benito San Salvador;33889703;2
207;Silvia Rosa;Guzman Morales;F;24;3;68678785;Col. Escalon San Salvador;62080854;2
208;Adriana Monica;Aguilar Ramos;F;56;3;60566766;Col. Escalon San Salvador;25878730;4
209;Diego Andres;Soto Hernandez;M;24;3;79649744;Col. San Benito San Salvador;19742790;1
210;Karla Veronica;Perez Alvarez;F;30;1;70111651;Res. Las Palmas San Salvador;47784631;4
211;Monica Monica;Pena Rodriguez;F;28;8;75904387;Urb. Altavista San Salvador;81600831;5
212;Luis Andres;Herrera Mora;M;22;8;69897834;Urb. Altavista San Salvador;50004466;1
213;Maria Silvia;Campos Flores;F;4;3;64135085;Col. San Benito San Salvador;;4
214;Sergio Oscar;Herrera Mora;M;85;3;78371905;Res. Las Palmas San Salvador;50894954;2
215;Andres Andres;Maldonado Mendoza;M;17;3;67104712;Col. Escalon San Salvador;;5
216;Pedro Pedro;Morales Soto;M;2;1;68480606;Col. Miramonte San Salvador;;5
217;Pedro Daniel;Guzman Lopez;M;28;3;78416387;Urb. Cumbres San Salvador;96526748;1
218;Antonio Daniel;Hernandez Castillo;M;57;3;63295125;Col. Miramonte San Salvador;87926229;5
219;Isabel Teresa;Ramirez Pena;F;30;1;67869616;Res. Las Palmas San Salvador;48270459;3
220;Hector Roberto;Ramos Reyes;M;10;3;75121169;Res. Vista Hermosa San Salvador;;2
221;Fernanda Martha;Flores Guzman;F;40;1;79020728;Res. Vista Hermosa San Salvador;52457517;4
222;Sofia Maria;Ramos Jimenez;F;34;1;67433169;Col. Escalon San Salvador;47135338;6
223;Elena Carolina;Maldonado Torres;F;11;4;76104582;Urb. Cumbres San Salvador;;2
224;Teresa Andrea;Mejia Reyes;F;111;5;78511034;Res. Las Palmas San Salvador;33591471;1
225;Mauricio Manuel;Ramirez Mora;M;52;1;66591161;Barrio El Centro San Salvador;94103363;5
226;Andres Juan;Rodriguez Vazquez;M;11;6;61046704;Col. Escalon San Salvador;;3
227;Samuel Carlos;Campos Castillo;M;8;1;78235804;Urb. Cumbres San Salvador;;1
228;Rafael Ricardo;Morales Velasquez;M;55;3;69764311;Urb. Altavista San Salvador;72371131;6
229;Ricardo Rafael;Vazquez Garcia;M;8;8;68015509;Urb. Altavista San Salvador;;4
230;Mario Pedro;Gomez Guzman;M;55;5;78985518;Urb. Altavista San Salvador;74894729;1
231;Ana Claudia;Cordova Reyes;F;20;1;67776236;Res. Las Palmas San Salvador;45481411;3
232;Claudia Ana;Pena Cruz;F;30;1;77377344;Res. Vista Hermosa San Salvador;62088975;3
233;Karla Diana;Martinez Martinez;F;25;1;70874022;Res. Las Palmas San Salvador;79977486;3
234;Natalia Paola;Castillo Velasquez;F;36;3;78265357;Urb. Altavista San Salvador;60554391;3
235;Teresa Martha;Figueroa Hernandez;F;17;3;77336330;Barrio El Centro San Salvador;;4
236;Karla Claudia;Guerrero Herrera;F;28;7;71841292;Res. Vista Hermosa San Salvador;75345452;3
237;Marcela Lucia;Garcia Vazquez;F;35;1;64663002;Urb. Cumbres San Salvador;32227237;1
238;Juan Enrique;Figueroa Romero;M;8;1;67097336;Urb. Altavista San Salvador;;1
239;Pedro Rafael;Navarro Ayala;M;8;1;63970503;Col. Miramonte San Salvador;;1
240;Valeria Isabel;Maldonado Sanchez;F;55;2;76157017;Urb. Cumbres San Salvador;74293132;4
241;Sergio Pedro;Figueroa Medina;M;10;4;60753164;Col. Miramonte San Salvador;;1
242;Luis Sergio;Velasquez Rivera;M;29;1;64520588;Col. San Benito San Salvador;86808685;5
243;Carlos Pedro;Castillo Gomez;M;18;3;77335584;Col. Escalon San Salvador;90444404;1
244;Hector Andres;Maldonado Pena;M;14;3;69511158;Res. Las Palmas San Salvador;;5
245;Mario Oscar;Ruiz Ruiz;M;1;2;65723271;Col. Miramonte San Salvador;;4
246;Lucia Elena;Velasquez Gomez;F;92;5;77139768;Barrio El Centro San Salvador;32511225;4
247;Karla Diana;Navarro Velasquez;F;70;1;62309984;Col. Miramonte San Salvador;60762668;6
248;Elena Carmen;Rodriguez Diaz;F;27;5;77539282;Col. Escalon San Salvador;30073763;3
249;Pedro Alberto;Soto Navarro;M;20;1;61309849;Res. Las Palmas San Salvador;22507745;5
250;Carolina Elena;Navarro Mora;F;67;3;60040272;Col. Escalon San Salvador;80067590;3
251;Teresa Daniela;Martinez Rojas;F;0;2;77777692;Col. Escalon San Salvador;;2
252;Pablo Alberto;Vargas Mendoza;M;38;1;79765173;Res. Las Palmas San Salvador;67108220;2
253;Manuel Alberto;Morales Gonzalez;M;48;2;69504852;Col. Escalon San Salvador;44601998;1
254;Jose Javier;Fuentes Garcia;M;28;3;79394030;Res. Las Palmas San Salvador;79761254;2
255;Ricardo Diego;Cruz Rojas;M;91;3;70599902;Col. Escalon San Salvador;58623028;1
256;Luis Fernando;Figueroa Velasquez;M;46;3;68510502;Barrio El Centro San Salvador;81954780;4
257;Martha Teresa;Soto Romero;F;13;3;73336348;Col. Miramonte San Salvador;;5
258;Silvia Valeria;Campos Ruiz;F;18;1;65996834;Res. Vista Hermosa San Salvador;85040303;3
259;Gabriela Laura;Guzman Mendoza;F;56;6;73359017;Urb. Altavista San Salvador;98487446;1
260;Andres Francisco;Castro Rojas;M;21;1;65428943;Res. Las Palmas San Salvador;38784084;2
261;Valeria Isabel;Campos Soto;F;27;3;61746602;Urb. Altavista San Salvador;62224611;2
262;Pablo Juan;Flores Ruiz;M;70;3;74608842;Res. Las Palmas San Salvador;18600733;6
263;Claudia Teresa;Gonzalez Navarro;F;1;4;61266858;Col. Escalon San Salvador;;4
264;Lucia Adriana;Guerrero Alvarez;F;39;4;61928139;Urb. Altavista San Salvador;95938445;4
265;Diana Maria;Diaz Pena;F;39;5;77386339;Barrio El Centro San Salvador;36138432;2
266;Pablo Oscar;Vazquez Guerrero;M;41;3;67773587;Urb. Altavista San Salvador;14840043;1
267;Claudia Adriana;Garcia Rivera;F;24;8;62913961;Barrio El Centro San Salvador;63611082;2
268;Carolina Monica;Herrera Velasquez;F;5;2;66721301;Col. San Benito San Salvador;;2
269;Samuel Juan;Campos Alvarez;M;17;4;78760748;Res. Vista Hermosa San Salvador;;4
270;Natalia Gabriela;Morales Navarro;F;5;1;66527182;Urb. Cumbres San Salvador;;4
271;Martha Maria;Castillo Gomez;F;54;3;73661171;Res. Las Palmas San Salvador;84978145;1
272;Enrique Antonio;Torres Sanchez;M;59;1;77223043;Barrio El Centro San Salvador;82196170;5
273;Fernanda Diana;Vargas Guzman;F;28;3;76227926;Col. Miramonte San Salvador;55588495;6
274;Carolina Diana;Velasquez Rodriguez;F;14;3;76172235;Res. Las Palmas San Salvador;;4
275;Rosa Monica;Contreras Morales;F;15;3;67715175;Res. Vista Hermosa San Salvador;;3
276;Teresa Veronica;Mora Garcia;F;4;5;68836549;Col. Miramonte San Salvador;;2
277;Rosa Monica;Silva Fuentes;F;55;1;71475376;Res. Las Palmas San Salvador;84430642;5
278;Alberto Jorge;Mendoza Cruz;M;89;3;79250601;Barrio El Centro San Salvador;34532913;5
279;Alberto Andres;Diaz Jimenez;M;1;1;68122068;Barrio El Centro San Salvador;;1
280;Francisco Roberto;Jimenez Soto;M;12;3;71946296;Urb. Altavista San Salvador;;1
281;Miguel Samuel;Gonzalez Silva;M;3;3;76531089;Col. San Benito San Salvador;;5
282;Rodrigo Alberto;Chavez Soto;M;98;1;70583635;Urb. Cumbres San Salvador;87110685;6
283;Beatriz Sofia;Cordova Vazquez;F;41;1;69404187;Col. Escalon San Salvador;39808788;1
284;Carlos Enrique;Aguilar Ruiz;M;30;2;78145161;Col. San Benito San Salvador;77441081;4
285;Monica Daniela;Silva Gomez;F;0;1;75340953;Res. Las Palmas San Salvador;;3
286;Isabel Fernanda;Garcia Garcia;F;21;5;67071676;Col. Escalon San Salvador;87981603;4
287;Jorge Rafael;Soto Castillo;M;57;3;66279793;Barrio El Centro San Salvador;41828278;1
288;Beatriz Lucia;Torres Chavez;F;58;1;66171118;Urb. Cumbres San Salvador;66900650;1
289;Fernando Javier;Cordova Chavez;M;30;1;72249984;Col. Escalon San Salvador;47531240;5
290;Sofia Martha;Ramirez Guzman;F;22;8;67669427;Res. Las Palmas San Salvador;46231955;1
291;Raul Fernando;Vargas Diaz;M;26;3;64893703;Urb. Altavista San Salvador;73483243;5
292;Pedro Fernando;Reyes Ramirez;M;27;1;77347875;Res. Vista Hermosa San Salvador;75313057;1
293;Gabriela Silvia;Guzman Lopez;F;13;3;73368149;Res. Las Palmas San Salvador;;5
294;Carlos Roberto;Castillo Ruiz;M;61;1;63231355;Urb. Cumbres San Salvador;54916840;2
295;Teresa Teresa;Campos Campos;F;75;5;68647474;Res. Vista Hermosa San Salvador;12662253;1
296;Carmen Teresa;Silva Navarro;F;6;1;66675926;Urb. Altavista San Salvador;;5
297;Teresa Isabel;Silva Vazquez;F;79;1;76357575;Urb. Cumbres San Salvador;20523679;3
298;Lucia Laura;Ortiz Contreras;F;28;8;64860303;Urb. Altavista San Salvador;95977279;4
299;Sandra Adriana;Soto Guzman;F;44;3;73581918;Res. Las Palmas San Salvador;20618223;2
300;Jorge Francisco;Ramos Ramos;M;29;1;69776296;Barrio El Centro San Salvador;91253395;2
301;Gabriela Marcela;Castro Chavez;F;20;8;79693759;Urb. Cumbres San Salvador;65564671;3
302;Pedro Rodrigo;Rodriguez Ramirez;M;6;1;67872782;Barrio El Centro San Salvador;;5
303;Roberto Pedro;Herrera Perez;M;29;1;63206250;Res. Las Palmas San Salvador;73509922;6
304;Jose Alejandro;Herrera Guerrero;M;1;3;62793446;Res. Las Palmas San Salvador;;1
305;Lucia Elena;Gonzalez Figueroa;F;96;3;73081068;Barrio El Centro San Salvador;40783635;5
306;Andres Antonio;Castro Contreras;M;9;1;64241673;Urb. Altavista San Salvador;;3
307;Jose Carlos;Pena Mendoza;M;1;2;70911945;Urb. Cumbres San Salvador;;4
308;Daniela Silvia;Romero Campos;F;51;1;74926519;Urb. Altavista San Salvador;82381952;3
309;Sergio Oscar;Ortiz Contreras;M;20;1;78924179;Col. Escalon San Salvador;80257585;5
310;Karla Teresa;Ruiz Mora;F;51;1;67621165;Res. Las Palmas San Salvador;69305486;1
311;Teresa Sandra;Castillo Flores;F;72;8;70186216;Col. San Benito San Salvador;10012394;1
312;Rafael Antonio;Ruiz Mora;M;24;1;60279075;Urb. Cumbres San Salvador;74030858;6
313;Maria Andrea;Aguilar Alvarez;F;21;1;67758301;Col. San Benito San Salvador;83579795;1
314;Patricia Sandra;Campos Aguilar;F;12;3;73245681;Col. Miramonte San Salvador;;5
315;Javier Andres;Figueroa Vargas;M;31;1;72695589;Col. Miramonte San Salvador;45296615;3
316;Fernando Diego;Jimenez Guerrero;M;52;3;69122279;Barrio El Centro San Salvador;97034430;3
317;Sandra Patricia;Hernandez Gomez;F;49;3;64584341;Barrio El Centro San Salvador;24811778;1
318;Lucia Diana;Romero Rojas;F;24;1;76508646;Col. Miramonte San Salvador;53036072;5
319;Luis Carlos;Mora Rodriguez;M;25;1;66239030;Res. Las Palmas San Salvador;47864772;1
320;Elena Fernanda;Castro Maldonado;F;17;1;60275283;Col. Miramonte San Salvador;;5
321;Luis Jose;Reyes Cruz;M;18;3;71472691;Col. Escalon San Salvador;51819114;6
322;Teresa Diana;Rojas Martinez;F;24;3;71081305;Res. Las Palmas San Salvador;29607576;2
323;Manuel Alejandro;Herrera Hernandez;M;41;5;78226497;Urb. Cumbres San Salvador;34374441;2
324;Hector Mauricio;Castillo Vargas;M;23;8;60423305;Res. Las Palmas San Salvador;43415162;6
325;Andrea Diana;Jimenez Fuentes;F;21;1;61124418;Col. Miramonte San Salvador;71852177;6
326;Enrique Daniel;Cruz Ruiz;M;78;4;73056799;Barrio El Centro San Salvador;53360807;1
327;Diego Andres;Martinez Fuentes;M;94;5;78440842;Res. Las Palmas San Salvador;43999060;2
328;Adriana Laura;Diaz Chavez;F;23;1;61747766;Col. Miramonte San Salvador;25157001;1
329;Diego Fernando;Ramos Garcia;M;27;8;65615681;Barrio El Centro San Salvador;88476684;6
330;Ricardo Pablo;Jimenez Garcia;M;60;8;61409063;Urb. Cumbres San Salvador;90022258;1
331;Rafael Alejandro;Gonzalez Jimenez;M;18;1;65291482;Urb. Cumbres San Salvador;22267708;1
332;Karla Andrea;Contreras Lopez;F;73;1;62005720;Res. Vista Hermosa San Salvador;96513378;4
333;Javier Raul;Perez Ramirez;M;30;5;76369290;Col. Miramonte San Salvador;52512063;1
334;Valeria Marcela;Castro Maldonado;F;11;4;66474841;Col. San Benito San Salvador;;6
335;Teresa Paola;Ramirez Castillo;F;48;3;61325015;Urb. Cumbres San Salvador;68720256;1
336;Silvia Fernanda;Reyes Diaz;F;60;3;79015354;Urb. Altavista San Salvador;82963514;4
337;Isabel Paola;Ortiz Romero;F;48;3;78606614;Urb. Altavista San Salvador;19244458;1
338;Mario Antonio;Castillo Mora;M;17;1;72318258;Urb. Cumbres San Salvador;;6
339;Alejandro Diego;Vazquez Vargas;M;49;3;66225497;Col. San Benito San Salvador;93179370;1
340;Andrea Lucia;Jimenez Ramos;F;89;3;62125396;Col. Escalon San Salvador;35483846;4
341;Andrea Silvia;Flores Soto;F;23;3;69500235;Res. Vista Hermosa San Salvador;65003032;1
342;Carmen Carmen;Guerrero Pena;F;27;3;62237404;Col. San Benito San Salvador;27418007;6
343;Rodrigo Carlos;Diaz Perez;M;64;3;76286324;Col. Miramonte San Salvador;23254482;1
344;Sergio Diego;Vargas Pena;M;61;3;76438639;Barrio El Centro San Salvador;16588161;4
345;Claudia Lucia;Ayala Hernandez;F;29;3;60439096;Col. Miramonte San Salvador;98013189;2
346;Karla Marcela;Gonzalez Ortiz;F;30;1;62036760;Res. Vista Hermosa San Salvador;84896161;2
347;Natalia Teresa;Ayala Lopez;F;20;8;68919292;Col. San Benito San Salvador;19447334;4
348;Rosa Patricia;Guerrero Perez;F;84;3;63396551;Col. Miramonte San Salvador;81358338;2
349;Patricia Patricia;Guerrero Pena;F;68;1;68347102;Urb. Altavista San Salvador;84950330;6
350;Paola Carmen;Contreras Guzman;F;1;3;72011257;Urb. Cumbres San Salvador;;2
351;Marcela Carmen;Rivera Gomez;F;80;1;78453778;Col. Escalon San Salvador;77738718;4
352;Carolina Sofia;Mora Navarro;F;41;5;74865021;Res. Vista Hermosa San Salvador;52299387;3
353;Daniela Teresa;Medina Cordova;F;30;7;74448138;Res. Vista Hermosa San Salvador;91659860;5
354;Sergio Raul;Cruz Vargas;M;32;1;78462947;Barrio El Centro San Salvador;58319528;2
355;Diana Monica;Garcia Maldonado;F;27;3;61163093;Barrio El Centro San Salvador;89961933;4
356;Enrique Luis;Mejia Garcia;M;27;1;70077535;Col. Miramonte San Salvador;38833029;3
357;Maria Andrea;Rojas Romero;F;10;8;78577852;Urb. Altavista San Salvador;;3
358;Carlos Mario;Mendoza Flores;M;23;3;64644208;Barrio El Centro San Salvador;59269031;2
359;Francisco Manuel;Mejia Gonzalez;M;21;1;79142372;Col. Escalon San Salvador;86378602;3
360;Andres Juan;Maldonado Ramos;M;17;1;76191126;Urb. Altavista San Salvador;;1
361;Natalia Marcela;Rojas Rojas;F;28;1;79335152;Res. Las Palmas San Salvador;89890579;2
362;Ana Paola;Guzman Vargas;F;53;1;62633264;Col. San Benito San Salvador;54881018;3
363;Marcela Natalia;Aguilar Medina;F;39;3;64044668;Col. Miramonte San Salvador;97614538;1
364;Diego Alejandro;Contreras Vargas;M;20;1;61816232;Barrio El Centro San Salvador;80381542;5
365;Jorge Raul;Guzman Flores;M;19;1;70966649;Col. Miramonte San Salvador;30561818;1
366;Daniel Andres;Herrera Castro;M;9;1;79969322;Res. Las Palmas San Salvador;;1
367;Fernando Antonio;Herrera Flores;M;49;3;64435528;Res. Vista Hermosa San Salvador;21079017;3
368;Martha Paola;Lopez Campos;F;6;1;73394637;Barrio El Centro San Salvador;;3
369;Ricardo Enrique;Aguilar Rojas;M;33;1;64374664;Urb. Altavista San Salvador;74548325;2
370;Alberto Ricardo;Figueroa Guzman;M;11;3;66580000;Col. Miramonte San Salvador;;2
371;Juan Manuel;Aguilar Ramos;M;46;8;79327964;Res. Las Palmas San Salvador;25103503;2
372;Sandra Teresa;Mendoza Diaz;F;22;1;70762193;Res. Vista Hermosa San Salvador;89708841;1
373;Alejandro Antonio;Rivera Mendoza;M;29;3;74838108;Urb. Altavista San Salvador;69118000;2
374;Samuel Mauricio;Morales Diaz;M;6;1;72543344;Urb. Altavista San Salvador;;3
375;Miguel Andres;Lopez Jimenez;M;45;3;64955220;Barrio El Centro San Salvador;11843251;1
376;Fernanda Valeria;Sanchez Mejia;F;38;1;75101560;Urb. Cumbres San Salvador;13053200;6
377;Patricia Paola;Mora Cruz;F;8;4;66838438;Barrio El Centro San Salvador;;4
378;Lucia Paola;Flores Rojas;F;6;4;60617016;Col. Escalon San Salvador;;1
379;Manuel Pedro;Lopez Alvarez;M;18;1;66734242;Barrio El Centro San Salvador;17124981;1
380;Adriana Maria;Hernandez Vargas;F;48;3;69103665;Res. Vista Hermosa San Salvador;24480943;5
381;Antonio Rodrigo;Figueroa Vargas;M;6;2;67756731;Col. Escalon San Salvador;;3
382;Hector Jorge;Reyes Navarro;M;8;1;77836215;Res. Las Palmas San Salvador;;2
383;Roberto Enrique;Ortiz Campos;M;8;3;60721033;Col. San Benito San Salvador;;1
384;Samuel Enrique;Mejia Torres;M;27;3;76439418;Col. Escalon San Salvador;31072888;3
385;Rafael Daniel;Mendoza Mendoza;M;50;2;70144384;Col. Miramonte San Salvador;77276832;5
386;Valeria Ana;Contreras Castillo;F;28;4;72991289;Col. San Benito San Salvador;84482698;5
387;Claudia Elena;Torres Herrera;F;97;8;64605704;Res. Las Palmas San Salvador;61298971;6
388;Fernando Francisco;Guzman Flores;M;23;1;74309790;Barrio El Centro San Salvador;91251236;5
389;Diana Silvia;Ramirez Cruz;F;12;1;64649856;Col. Miramonte San Salvador;;2
390;Antonio Javier;Ayala Guerrero;M;16;3;64538320;Col. Escalon San Salvador;;2
391;Diego Samuel;Guzman Rivera;M;42;5;70653405;Res. Las Palmas San Salvador;84804948;2
392;Pedro Jorge;Flores Maldonado;M;28;1;60989296;Res. Vista Hermosa San Salvador;65571528;4
393;Laura Diana;Fuentes Contreras;F;29;1;69187074;Urb. Altavista San Salvador;35224021;2
394;Luis Pedro;Rodriguez Cordova;M;79;3;68954423;Col. Miramonte San Salvador;90042177;2
395;Francisco Daniel;Rodriguez Mendoza;M;17;3;62666752;Urb. Cumbres San Salvador;;1
396;Enrique Rodrigo;Navarro Ruiz;M;24;3;72547995;Urb. Altavista San Salvador;62004039;5
397;Beatriz Elena;Rivera Diaz;F;2;4;67592464;Col. San Benito San Salvador;;5
398;Andrea Maria;Romero Medina;F;66;1;67467680;Col. Miramonte San Salvador;37455861;4
399;Pedro Samuel;Castro Soto;M;27;4;76439755;Res. Vista Hermosa San Salvador;71410640;1
400;Fernando Ricardo;Martinez Navarro;M;12;2;72763239;Res. Vista Hermosa San Salvador;;6
401;Lucia Paola;Guzman Navarro;F;4;5;77990523;Col. San Benito San Salvador;;6
402;Mario Mario;Martinez Jimenez;M;13;1;77404772;Col. Escalon San Salvador;;1
403;Raul Ricardo;Guerrero Cordova;M;32;4;61654080;Col. Miramonte San Salvador;49081432;4
404;Monica Marcela;Mejia Alvarez;F;0;3;75480242;Urb. Altavista San Salvador;;5
405;Laura Lucia;Lopez Rojas;F;23;3;77346622;Urb. Altavista San Salvador;72220513;4
406;Rosa Paola;Vazquez Sanchez;F;41;1;66032126;Urb. Altavista San Salvador;62756521;3
407;Isabel Diana;Rodriguez Gomez;F;58;8;75222999;Col. Miramonte San Salvador;71026547;5
408;Manuel Jorge;Rojas Figueroa;M;24;3;65502726;Res. Las Palmas San Salvador;22239481;6
409;Javier Mario;Contreras Chavez;M;5;1;62862412;Col. Escalon San Salvador;;2
410;Ricardo Raul;Vargas Martinez;M;5;1;65733948;Res. Vista Hermosa San Salvador;;6
411;Pedro Rodrigo;Flores Gomez;M;7;6;61721694;Col. Escalon San Salvador;;2
412;Laura Paola;Castro Alvarez;F;53;5;66063152;Res. Las Palmas San Salvador;27659164;6
413;Jose Oscar;Cordova Castillo;M;22;1;60409624;Urb. Cumbres San Salvador;76790446;3
414;Silvia Valeria;Garcia Navarro;F;25;1;76557998;Col. Miramonte San Salvador;39108314;4
415;Diana Sandra;Castro Gonzalez;F;92;8;60220554;Col. Miramonte San Salvador;83462947;3
416;Lucia Adriana;Campos Cruz;F;0;3;61641442;Urb. Altavista San Salvador;;3
417;Carlos Diego;Mendoza Martinez;M;26;3;64877955;Col. San Benito San Salvador;99522760;5
418;Isabel Karla;Gonzalez Lopez;F;66;3;63653663;Col. Escalon San Salvador;33924094;6
419;Daniel Antonio;Soto Pena;M;14;3;79963846;Urb. Altavista San Salvador;;1
420;Paola Martha;Chavez Martinez;F;56;3;63124799;Barrio El Centro San Salvador;53328415;5
421;Marcela Monica;Hernandez Cordova;F;6;4;74338608;Res. Las Palmas San Salvador;;4
422;Beatriz Elena;Sanchez Rojas;F;19;3;69207958;Res. Vista Hermosa San Salvador;80739820;2
423;Veronica Patricia;Rojas Cruz;F;83;3;61952350;Res. Las Palmas San Salvador;86687590;6
424;Alberto Andres;Rojas Navarro;M;26;3;69636406;Col. Escalon San Salvador;91717739;1
425;Gabriela Veronica;Guzman Soto;F;55;1;71873347;Urb. Altavista San Salvador;92448605;5
426;Veronica Paola;Contreras Reyes;F;44;1;76525707;Urb. Altavista San Salvador;91793056;1
427;Javier Antonio;Diaz Garcia;M;27;3;63966373;Col. San Benito San Salvador;72395893;6
428;Andres Rodrigo;Cruz Soto;M;30;1;73912744;Col. Escalon San Salvador;16105858;3
429;Teresa Silvia;Contreras Cruz;F;44;1;60379073;Col. Miramonte San Salvador;47799296;1
430;Valeria Rosa;Mejia Mejia;F;20;1;77001682;Res. Vista Hermosa San Salvador;10822924;2
431;Daniel Jorge;Torres Herrera;M;43;1;79089839;Col. San Benito San Salvador;33572537;2
432;Jorge Mauricio;Torres Silva;M;53;1;76076205;Urb. Cumbres San Salvador;14772547;2
433;Alberto Luis;Contreras Ortiz;M;30;1;78017640;Res. Vista Hermosa San Salvador;72071682;3
434;Karla Paola;Lopez Guerrero;F;48;1;70044309;Res. Vista Hermosa San Salvador;84514623;4
435;Roberto Sergio;Silva Torres;M;13;5;71864697;Res. Las Palmas San Salvador;;2
436;Manuel Mauricio;Rodriguez Torres;M;96;1;72590991;Urb. Altavista San Salvador;86635858;5
437;Sofia Lucia;Sanchez Cordova;F;42;7;70344207;Res. Vista Hermosa San Salvador;14245067;3
438;Sandra Rosa;Reyes Jimenez;F;43;5;72468275;Urb. Cumbres San Salvador;50618137;6
439;Enrique Antonio;Gomez Sanchez;M;11;3;72556594;Col. San Benito San Salvador;;5
440;Samuel Juan;Castro Vazquez;M;55;3;60836672;Urb. Cumbres San Salvador;77116153;2
441;Roberto Jorge;Ruiz Maldonado;M;30;3;77570038;Barrio El Centro San Salvador;53934556;3
442;Alejandro Rodrigo;Perez Guerrero;M;44;3;64453248;Col. Miramonte San Salvador;14905998;4
443;Monica Fernanda;Guerrero Sanchez;F;5;3;60137904;Barrio El Centro San Salvador;;4
444;Daniel Rodrigo;Navarro Gonzalez;M;25;5;71183348;Urb. Cumbres San Salvador;16192775;5
445;Enrique Alejandro;Pena Fuentes;M;16;2;70485115;Col. San Benito San Salvador;;2
446;Adriana Marcela;Cruz Ramos;F;15;2;66729526;Col. Miramonte San Salvador;;1
447;Gabriela Silvia;Ramos Castro;F;54;3;63947707;Barrio El Centro San Salvador;30041488;2
448;Manuel Miguel;Garcia Soto;M;24;5;78777924;Res. Las Palmas San Salvador;37726346;4
449;Silvia Isabel;Romero Flores;F;37;1;69504886;Col. Miramonte San Salvador;32988138;4
450;Antonio Oscar;Torres Mora;M;26;3;74886344;Col. San Benito San Salvador;27458237;1
451;Alberto Hector;Silva Lopez;M;45;3;63554317;Col. Escalon San Salvador;17220897;6
452;Fernando Ricardo;Gomez Ayala;M;22;5;79889598;Urb. Cumbres San Salvador;92720444;1
453;Laura Isabel;Diaz Ayala;F;32;3;77900783;Res. Las Palmas San Salvador;72504573;5
454;Juan Mauricio;Rojas Ortiz;M;38;6;63263604;Urb. Cumbres San Salvador;51660066;3
455;Beatriz Claudia;Morales Flores;F;98;3;68658813;Res. Vista Hermosa San Salvador;62623673;3
456;Javier Samuel;Pena Torres;M;39;2;70897173;Urb. Cumbres San Salvador;75432046;3
457;Juan Alberto;Sanchez Mendoza;M;16;2;76060898;Urb. Cumbres San Salvador;;5
458;Antonio Alejandro;Mendoza Navarro;M;25;3;79283002;Urb. Altavista San Salvador;78175850;4
459;Ricardo Mauricio;Ayala Perez;M;14;1;70934373;Res. Las Palmas San Salvador;;6
460;Silvia Diana;Herrera Velasquez;F;54;3;73872808;Col. Miramonte San Salvador;93332410;5
461;Raul Pedro;Ruiz Vargas;M;30;1;62216603;Res. Vista Hermosa San Salvador;37949250;5
462;Valeria Sandra;Guzman Torres;F;17;1;78271290;Col. Miramonte San Salvador;;2
463;Daniel Daniel;Hernandez Fuentes;M;22;1;79266561;Urb. Cumbres San Salvador;25344154;2
464;Isabel Silvia;Perez Castro;F;60;3;65911418;Barrio El Centro San Salvador;64464708;2
465;Oscar Miguel;Silva Navarro;M;2;2;72714143;Res. Vista Hermosa San Salvador;;1
466;Adriana Carolina;Lopez Gonzalez;F;35;5;67301839;Urb. Altavista San Salvador;87949346;2
467;Alejandro Luis;Pena Flores;M;49;3;75199299;Barrio El Centro San Salvador;62342586;3
468;Patricia Patricia;Silva Ramos;F;105;5;70057448;Barrio El Centro San Salvador;68348074;2
469;Rosa Martha;Garcia Soto;F;11;1;77126983;Col. Escalon San Salvador;;1
470;Rodrigo Antonio;Lopez Chavez;M;19;3;78417528;Col. San Benito San Salvador;10113187;1
471;Carmen Daniela;Alvarez Rodriguez;F;96;1;67893383;Col. Escalon San Salvador;89210454;3
472;Adriana Isabel;Ayala Vargas;F;22;1;73624195;Col. Escalon San Salvador;68410219;2
473;Daniel Pedro;Ruiz Ramirez;M;28;1;66315844;Col. Escalon San Salvador;58357021;4
474;Elena Laura;Pena Ramirez;F;89;3;64505603;Col. San Benito San Salvador;19629584;2
475;Luis Andres;Reyes Pena;M;114;2;74654398;Urb. Altavista San Salvador;21363335;1
476;Diego Pablo;Medina Ortiz;M;5;6;74284261;Urb. Altavista San Salvador;;2
477;Veronica Sandra;Campos Castro;F;17;3;72908883;Res. Vista Hermosa San Salvador;;1
478;Pedro Fernando;Navarro Garcia;M;30;3;79392398;Urb. Cumbres San Salvador;41776042;5
479;Sandra Karla;Mora Guzman;F;50;1;72313470;Col. San Benito San Salvador;15082158;2
480;Fernanda Teresa;Sanchez Velasquez;F;22;3;76157563;Res. Las Palmas San Salvador;29070658;2
481;Diana Veronica;Gonzalez Guerrero;F;13;1;62967767;Col. Miramonte San Salvador;;4
482;Adriana Paola;Pena Pena;F;82;3;62619994;Barrio El Centro San Salvador;92280717;2
483;Hector Jorge;Mora Garcia;M;29;8;75732626;Urb. Cumbres San Salvador;78808477;1
484;Martha Paola;Torres Medina;F;14;5;71841846;Barrio El Centro San Salvador;;1
485;Sofia Ana;Rojas Navarro;F;18;3;70202924;Barrio El Centro San Salvador;18243352;1
486;Martha Sofia;Guzman Lopez;F;1;1;69789613;Col. San Benito San Salvador;;3
487;Beatriz Rosa;Ramirez Vazquez;F;28;7;62579069;Barrio El Centro San Salvador;43829709;5
488;Oscar Manuel;Romero Castillo;M;8;2;60476573;Res. Las Palmas San Salvador;;1
489;Samuel Sergio;Fuentes Flores;M;13;2;74987193;Res. Vista Hermosa San Salvador;;3
490;Manuel Pablo;Rojas Jimenez;M;13;3;76271165;Urb. Altavista San Salvador;;4
491;Jorge Juan;Flores Navarro;M;20;3;65172425;Urb. Cumbres San Salvador;65424925;3
492;Claudia Carolina;Castro Maldonado;F;91;3;65613094;Col. Miramonte San Salvador;87545284;4
493;Ana Adriana;Castillo Cordova;F;78;3;63892125;Col. San Benito San Salvador;32494944;6
494;Monica Beatriz;Mejia Ruiz;F;84;4;77868434;Col. Miramonte San Salvador;60975999;2
495;Beatriz Gabriela;Flores Guerrero;F;30;1;74587263;Col. San Benito San Salvador;48761035;6
496;Monica Carolina;Ramos Guerrero;F;59;1;61376322;Res. Las Palmas San Salvador;81308986;4
497;Daniela Sandra;Soto Figueroa;F;8;1;69146622;Res. Vista Hermosa San Salvador;;2
498;Gabriela Valeria;Perez Castillo;F;24;4;79601721;Col. Escalon San Salvador;71888947;4
499;Andres Daniel;Velasquez Diaz;M;12;3;77446704;Res. Vista Hermosa San Salvador;;4
500;Jorge Raul;Garcia Silva;M;30;4;60284412;Res. Las Palmas San Salvador;11605433;5
501;Carmen Veronica;Perez Silva;F;24;1;74963337;Res. Vista Hermosa San Salvador;39449560;5
502;Gabriela Patricia;Martinez Rodriguez;F;8;1;63085037;Col. San Benito San Salvador;;4
503;Oscar Diego;Sanchez Ayala;M;4;3;64025763;Res. Las Palmas San Salvador;;5
504;Ricardo Daniel;Cordova Figueroa;M;8;2;78994117;Urb. Altavista San Salvador;;1
505;Javier Pedro;Castillo Alvarez;M;0;4;75668429;Res. Las Palmas San Salvador;;1
506;Karla Gabriela;Aguilar Rojas;F;24;4;70851641;Barrio El Centro San Salvador;31738712;1
507;Manuel Alejandro;Lopez Vargas;M;21;1;73038931;Res. Vista Hermosa San Salvador;18060935;2
508;Natalia Gabriela;Gomez Castro;F;9;7;62328626;Urb. Cumbres San Salvador;;1
509;Oscar Ricardo;Gomez Figueroa;M;11;5;76510703;Res. Las Palmas San Salvador;;1
510;Raul Alejandro;Aguilar Cruz;M;30;5;63565148;Urb. Cumbres San Salvador;44761889;3
511;Carlos Juan;Hernandez Guzman;M;7;3;68408618;Urb. Cumbres San Salvador;;2
512;Hector Alberto;Flores Figueroa;M;13;3;60029113;Col. San Benito San Salvador;;2
513;Gabriela Elena;Rojas Torres;F;10;1;73130868;Col. San Benito San Salvador;;1
514;Beatriz Sandra;Herrera Maldonado;F;11;6;62352155;Col. Miramonte San Salvador;;1
515;Ricardo Javier;Ruiz Sanchez;M;100;8;79033546;Res. Vista Hermosa San Salvador;54753520;1
516;Monica Ana;Contreras Figueroa;F;6;1;63042278;Res. Vista Hermosa San Salvador;;2
517;Rosa Natalia;Ortiz Cordova;F;46;2;69729398;Col. Miramonte San Salvador;33705307;6
518;Ricardo Daniel;Diaz Mejia;M;55;1;73089742;Res. Las Palmas San Salvador;94639988;5
519;Beatriz Rosa;Contreras Castro;F;113;7;66357373;Urb. Altavista San Salvador;14791343;1
520;Jose Andres;Velasquez Jimenez;M;26;3;76415920;Col. Escalon San Salvador;18454727;5
521;Beatriz Silvia;Castro Rodriguez;F;51;1;61242946;Res. Vista Hermosa San Salvador;17523501;1
522;Valeria Paola;Martinez Herrera;F;28;2;63965701;Col. Miramonte San Salvador;97758252;2
523;Carolina Daniela;Mora Flores;F;24;4;79439616;Col. Miramonte San Salvador;19668169;3
524;Andres Luis;Reyes Figueroa;M;28;3;60639648;Urb. Cumbres San Salvador;92996496;5
525;Francisco Javier;Figueroa Ramirez;M;21;8;60482016;Urb. Altavista San Salvador;94914383;3
526;Hector Antonio;Perez Ortiz;M;23;1;65727385;Res. Las Palmas San Salvador;24271532;1
527;Alberto Oscar;Soto Morales;M;28;1;62117623;Col. Miramonte San Salvador;67205134;2
528;Valeria Natalia;Fuentes Silva;F;58;1;73489170;Res. Vista Hermosa San Salvador;26213828;1
529;Jorge Mauricio;Cruz Cordova;M;7;3;61529630;Urb. Altavista San Salvador;;1
530;Rosa Carmen;Romero Flores;F;14;1;73930267;Urb. Altavista San Salvador;;5
531;Silvia Sofia;Castro Jimenez;F;35;2;79528203;Col. San Benito San Salvador;27900736;5
532;Pablo Rodrigo;Contreras Soto;M;26;1;72620863;Urb. Altavista San Salvador;12097866;5
533;Rosa Maria;Garcia Gomez;F;0;3;62991083;Barrio El Centro San Salvador;;1
534;Fernanda Valeria;Ruiz Rojas;F;7;2;64257803;Col. Miramonte San Salvador;;6
535;Diego Manuel;Guerrero Castro;M;58;3;73825477;Col. Miramonte San Salvador;33427561;3
536;Oscar Pedro;Ayala Reyes;M;60;1;62953501;Barrio El Centro San Salvador;56688115;3
537;Maria Silvia;Jimenez Diaz;F;94;1;63942908;Res. Las Palmas San Salvador;93070162;4
538;Daniela Andrea;Mora Vazquez;F;27;5;67357686;Urb. Cumbres San Salvador;94082607;3
539;Manuel Carlos;Diaz Sanchez;M;45;3;65006905;Urb. Cumbres San Salvador;76775311;2
540;Pedro Daniel;Martinez Lopez;M;41;1;72220291;Barrio El Centro San Salvador;38130660;1
541;Gabriela Isabel;Soto Cordova;F;22;1;75205111;Col. San Benito San Salvador;24015162;2
542;Samuel Raul;Gomez Rivera;M;10;1;60975267;Urb. Cumbres San Salvador;;3
543;Juan Hector;Jimenez Maldonado;M;88;1;74925712;Res. Vista Hermosa San Salvador;66246123;1
544;Andres Daniel;Ramos Morales;M;18;2;63695445;Res. Vista Hermosa San Salvador;40572391;1
545;Francisco Andres;Medina Diaz;M;91;5;72600775;Col. Miramonte San Salvador;19868991;5
546;Martha Beatriz;Lopez Aguilar;F;43;3;64863422;Col. Miramonte San Salvador;91796786;5
547;Sofia Monica;Chavez Ramirez;F;6;2;75359212;Col. Miramonte San Salvador;;1
548;Gabriela Patricia;Torres Ramirez;F;44;2;61076915;Col. San Benito San Salvador;47662052;4
549;Miguel Rodrigo;Ortiz Ortiz;M;49;1;74033263;Urb. Altavista San Salvador;56113991;3
550;Hector Antonio;Navarro Rivera;M;55;1;65702088;Col. Miramonte San Salvador;21606388;6
551;Daniela Veronica;Reyes Cruz;F;12;3;79850160;Urb. Cumbres San Salvador;;1
552;Gabriela Maria;Maldonado Aguilar;F;40;1;68276340;Col. Miramonte San Salvador;53928918;5
553;Martha Claudia;Velasquez Flores;F;22;1;79250203;Col. San Benito San Salvador;66072388;3
554;Carlos Alberto;Maldonado Vazquez;M;27;4;61128118;Col. Escalon San Salvador;81285951;3
555;Beatriz Valeria;Rojas Perez;F;26;5;75181413;Urb. Cumbres San Salvador;42280906;1
556;Raul Alejandro;Garcia Rojas;M;15;3;73643838;Col. Miramonte San Salvador;;5
557;Rafael Antonio;Jimenez Figueroa;M;29;1;63044377;Col. San Benito San Salvador;74395377;2
558;Sofia Fernanda;Ortiz Guzman;F;38;3;79584383;Col. San Benito San Salvador;71047698;2
559;Andrea Elena;Ayala Herrera;F;19;1;66205749;Res. Vista Hermosa San Salvador;94129142;2
560;Fernanda Adriana;Garcia Contreras;F;47;4;62372251;Col. Escalon San Salvador;54681905;1
561;Antonio Fernando;Cordova Romero;M;64;7;78201101;Col. Miramonte San Salvador;20866138;1
562;Paola Karla;Lopez Vazquez;F;13;5;72213495;Col. San Benito San Salvador;;3
563;Ricardo Rafael;Ortiz Soto;M;36;6;61371515;Res. Vista Hermosa San Salvador;59181804;2
564;Diego Raul;Ayala Hernandez;M;51;3;78815923;Col. Miramonte San Salvador;28576512;4
565;Claudia Silvia;Sanchez Figueroa;F;68;2;76055576;Col. Miramonte San Salvador;40257672;1
566;Teresa Marcela;Romero Vazquez;F;56;1;74191146;Barrio El Centro San Salvador;17309497;5
567;Rafael Rafael;Castro Reyes;M;37;1;76825873;Res. Las Palmas San Salvador;73104323;1
568;Diana Lucia;Chavez Silva;F;21;3;62202096;Col. Miramonte San Salvador;71454824;2
569;Juan Ricardo;Gomez Alvarez;M;25;1;62581923;Res. Las Palmas San Salvador;32114547;5
570;Carmen Fernanda;Flores Reyes;F;97;3;65049877;Col. Miramonte San Salvador;79885511;5
571;Antonio Fernando;Silva Mora;M;26;4;64430103;Urb. Cumbres San Salvador;56533319;3
572;Diana Paola;Figueroa Rodriguez;F;8;3;69781680;Col. Miramonte San Salvador;;2
573;Jose Rodrigo;Morales Guerrero;M;57;3;71270174;Col. Escalon San Salvador;87672417;2
574;Adriana Adriana;Ramos Reyes;F;57;3;79909765;Urb. Cumbres San Salvador;71472671;3
575;Martha Elena;Mejia Rivera;F;46;1;68724402;Col. Miramonte San Salvador;74994010;6
576;Laura Andrea;Lopez Flores;F;25;3;71848771;Barrio El Centro San Salvador;71193423;3
577;Oscar Samuel;Rivera Ayala;M;108;4;77962247;Barrio El Centro San Salvador;34465275;3
578;Mauricio Javier;Rojas Pena;M;0;5;65150095;Urb. Altavista San Salvador;;1
579;Miguel Carlos;Ramos Guzman;M;0;1;64243746;Urb. Cumbres San Salvador;;2
580;Teresa Sofia;Cruz Campos;F;12;2;61163972;Res. Vista Hermosa San Salvador;;4
581;Elena Teresa;Castro Mora;F;11;2;65455870;Barrio El Centro San Salvador;;1
582;Samuel Jose;Herrera Reyes;M;55;5;64878273;Urb. Cumbres San Salvador;52978923;1
583;Jose Andres;Mora Vazquez;M;54;1;71115933;Barrio El Centro San Salvador;73607213;4
584;Andrea Martha;Pena Flores;F;24;1;78966022;Urb. Cumbres San Salvador;55457454;5
585;Andres Alberto;Martinez Ramirez;M;7;1;78487149;Res. Las Palmas San Salvador;;2
586;Maria Monica;Soto Morales;F;16;1;74964360;Res. Vista Hermosa San Salvador;;1
587;Jorge Carlos;Navarro Figueroa;M;28;6;66548138;Col. Miramonte San Salvador;47302753;1
588;Jose Juan;Mora Castro;M;4;5;62931883;Col. Escalon San Salvador;;2
589;Alberto Jorge;Navarro Navarro;M;24;5;77164965;Col. San Benito San Salvador;99491869;2
590;Monica Elena;Ayala Aguilar;F;40;3;72402723;Col. Escalon San Salvador;60040550;1
591;Antonio Rafael;Mendoza Mejia;M;11;5;74951050;Res. Las Palmas San Salvador;;5
592;Andres Hector;Castro Fuentes;M;29;3;73945549;Urb. Cumbres San Salvador;48739802;3
593;Pablo Andres;Aguilar Maldonado;M;50;1;73898037;Urb. Altavista San Salvador;88809974;4
594;Luis Roberto;Mejia Ruiz;M;14;5;77626178;Res. Vista Hermosa San Salvador;;1
595;Samuel Sergio;Cordova Vargas;M;28;3;62967831;Col. San Benito San Salvador;64956876;5
596;Sandra Sofia;Campos Ortiz;F;41;1;79056109;Urb. Altavista San Salvador;36743897;2
597;Mauricio Ricardo;Alvarez Campos;M;9;2;76461321;Col. San Benito San Salvador;;3
598;Natalia Martha;Mejia Reyes;F;22;5;78766358;Urb. Cumbres San Salvador;40134594;3
599;Pablo Jose;Flores Castillo;M;92;8;70072013;Urb. Cumbres San Salvador;26666744;2
600;Sandra Sofia;Reyes Rojas;F;47;1;68212456;Col. San Benito San Salvador;26019511;4
601;Beatriz Rosa;Navarro Fuentes;F;20;5;72138634;Urb. Cumbres San Salvador;85910136;6
602;Daniela Gabriela;Contreras Silva;F;23;1;75973275;Res. Las Palmas San Salvador;60090353;4
603;Rodrigo Manuel;Rivera Velasquez;M;42;1;61963283;Urb. Altavista San Salvador;52906872;5
604;Marcela Fernanda;Ramirez Mendoza;F;22;5;65479735;Col. San Benito San Salvador;46597195;2
605;Sandra Adriana;Mendoza Lopez;F;25;3;69725960;Barrio El Centro San Salvador;81083363;4
606;Enrique Roberto;Contreras Gomez;M;16;2;63171184;Urb. Altavista San Salvador;;5
607;Daniela Isabel;Silva Mejia;F;6;4;69108651;Res. Vista Hermosa San Salvador;;2
608;Raul Sergio;Mendoza Flores;M;10;3;60432773;Urb. Altavista San Salvador;;6
609;Teresa Andrea;Reyes Medina;F;78;1;71419012;Urb. Altavista San Salvador;23746292;4
610;Luis Enrique;Morales Diaz;M;63;1;78745358;Res. Las Palmas San Salvador;66015266;5
611;Karla Rosa;Sanchez Ramirez;F;32;3;60583155;Urb. Cumbres San Salvador;56735943;2
612;Fernanda Teresa;Ramirez Castro;F;22;1;77553031;Res. Vista Hermosa San Salvador;33113253;1
613;Maria Paola;Sanchez Morales;F;24;3;64318941;Urb. Altavista San Salvador;40410305;5
614;Elena Patricia;Ramirez Gonzalez;F;17;1;74254092;Res. Las Palmas San Salvador;;3
615;Jose Alejandro;Ruiz Cordova;M;5;3;74470264;Col. San Benito San Salvador;;1
616;Miguel Carlos;Pena Vazquez;M;44;1;79903689;Col. San Benito San Salvador;72959166;3
617;Samuel Manuel;Martinez Hernandez;M;30;1;70121553;Col. San Benito San Salvador;22952493;1
618;Samuel Oscar;Cruz Velasquez;M;52;4;66711706;Urb. Altavista San Salvador;57182050;6
619;Juan Luis;Fuentes Romero;M;21;7;79453227;Res. Vista Hermosa San Salvador;57271923;1
620;Rodrigo Enrique;Maldonado Soto;M;109;3;68114217;Res. Las Palmas San Salvador;23301739;3
621;Enrique Roberto;Ayala Diaz;M;6;5;69457544;Urb. Altavista San Salvador;;1
622;Andres Miguel;Cruz Vazquez;M;15;3;75928809;Res. Vista Hermosa San Salvador;;5
623;Mario Daniel;Perez Gomez;M;31;1;71905862;Col. Escalon San Salvador;66920644;1
624;Enrique Francisco;Medina Sanchez;M;58;1;70545496;Res. Las Palmas San Salvador;72532267;2
625;Enrique Luis;Reyes Cordova;M;30;3;72121553;Barrio El Centro San Salvador;84777007;2
626;Juan Jorge;Reyes Sanchez;M;46;1;72911111;Barrio El Centro San Salvador;71330222;5
627;Carolina Natalia;Castro Morales;F;59;8;78586333;Col. Escalon San Salvador;49002238;2
628;Patricia Daniela;Hernandez Ruiz;F;39;1;72329287;Urb. Altavista San Salvador;11716086;2
629;Carolina Carmen;Herrera Castro;F;20;5;77537639;Res. Las Palmas San Salvador;26001148;6
630;Ricardo Ricardo;Rojas Velasquez;M;34;3;63413229;Urb. Altavista San Salvador;18685284;4
631;Patricia Isabel;Diaz Navarro;F;2;1;73565688;Res. Las Palmas San Salvador;;4
632;Mauricio Fernando;Maldonado Reyes;M;29;1;69345524;Barrio El Centro San Salvador;96413557;4
633;Teresa Beatriz;Pena Navarro;F;28;3;73570875;Urb. Cumbres San Salvador;78640894;2
634;Elena Andrea;Ortiz Perez;F;73;3;64100018;Barrio El Centro San Salvador;75678288;5
635;Claudia Adriana;Ramirez Rodriguez;F;8;1;63342135;Col. San Benito San Salvador;;1
636;Alberto Daniel;Rodriguez Gomez;M;8;3;72839032;Res. Vista Hermosa San Salvador;;2
637;Antonio Oscar;Soto Perez;M;99;1;62567493;Urb. Cumbres San Salvador;72548391;6
638;Antonio Daniel;Reyes Reyes;M;11;3;76938101;Barrio El Centro San Salvador;;1
639;Valeria Daniela;Mora Mora;F;14;1;60592919;Col. San Benito San Salvador;;2
640;Marcela Karla;Sanchez Vargas;F;26;3;75103370;Res. Vista Hermosa San Salvador;60511038;5
641;Diana Ana;Martinez Gomez;F;13;4;78678629;Barrio El Centro San Salvador;;1
642;Alberto Fernando;Ramirez Mejia;M;17;3;73055374;Urb. Cumbres San Salvador;;4
643;Sergio Daniel;Reyes Pena;M;30;1;78581904;Urb. Cumbres San Salvador;73875700;5
644;Enrique Carlos;Herrera Castillo;M;9;1;76599079;Col. Escalon San Salvador;;2
645;Andrea Laura;Ramos Lopez;F;49;4;60944456;Col. San Benito San Salvador;27206452;3
646;Teresa Valeria;Fuentes Velasquez;F;0;1;60902608;Res. Vista Hermosa San Salvador;;6
647;Carmen Sandra;Mendoza Mendoza;F;13;4;73822063;Res. Vista Hermosa San Salvador;;5
648;Daniel Francisco;Jimenez Jimenez;M;22;1;70472322;Res. Las Palmas San Salvador;18791292;6
649;Carmen Isabel;Rivera Rodriguez;F;3;1;78066270;Res. Vista Hermosa San Salvador;;2
650;Mario Daniel;Aguilar Guzman;M;31;1;77272473;Col. Escalon San Salvador;45784981;5
651;Javier Alberto;Velasquez Rodriguez;M;26;1;70620458;Col. Escalon San Salvador;86551556;2
652;Isabel Martha;Perez Reyes;F;25;1;63357345;Col. Miramonte San Salvador;55092789;1
653;Veronica Valeria;Cordova Pena;F;36;1;71393052;Urb. Altavista San Salvador;92520800;5
654;Teresa Sandra;Diaz Reyes;F;49;1;62527359;Col. Miramonte San Salvador;48568210;3
655;Ana Laura;Guzman Herrera;F;54;3;67579475;Res. Las Palmas San Salvador;87603784;6
656;Sergio Jorge;Romero Hernandez;M;16;4;79006179;Urb. Cumbres San Salvador;;4
657;Patricia Teresa;Hernandez Figueroa;F;11;1;70128305;Barrio El Centro San Salvador;;3
658;Carolina Silvia;Ramos Diaz;F;31;8;73902079;Col. Escalon San Salvador;43724189;5
659;Carolina Andrea;Campos Gomez;F;30;3;60624223;Urb. Altavista San Salvador;87422596;2
660;Patricia Carolina;Fuentes Ortiz;F;16;4;68990438;Col. Escalon San Salvador;;4
661;Enrique Roberto;Chavez Ortiz;M;21;5;64957455;Col. Miramonte San Salvador;30196097;5
662;Daniela Sandra;Medina Ramos;F;38;3;62161829;Col. Miramonte San Salvador;65356542;3
663;Natalia Laura;Figueroa Rivera;F;80;3;68604921;Col. Miramonte San Salvador;64474404;5
664;Miguel Luis;Diaz Rodriguez;M;26;1;68240519;Barrio El Centro San Salvador;72298460;2
665;Silvia Sandra;Aguilar Figueroa;F;31;1;61241639;Col. Miramonte San Salvador;31388734;2
666;Elena Maria;Castillo Romero;F;53;3;78478630;Urb. Altavista San Salvador;96475652;3
667;Andres Alberto;Rodriguez Lopez;M;37;3;62816208;Res. Vista Hermosa San Salvador;90745350;1
668;Daniela Rosa;Medina Chavez;F;33;3;63030176;Col. Escalon San Salvador;28865664;1
669;Miguel Sergio;Fuentes Vazquez;M;9;3;64048094;Barrio El Centro San Salvador;;6
670;Marcela Rosa;Jimenez Navarro;F;6;1;64102929;Res. Vista Hermosa San Salvador;;3
671;Natalia Martha;Fuentes Vargas;F;30;1;67916768;Col. Escalon San Salvador;39260590;5
672;Miguel Pedro;Cruz Romero;M;39;3;74746347;Col. Escalon San Salvador;44132362;2
673;Alberto Raul;Chavez Rojas;M;28;5;63790353;Res. Vista Hermosa San Salvador;83248658;2
674;Beatriz Carolina;Jimenez Romero;F;4;2;64862424;Res. Vista Hermosa San Salvador;;1
675;Fernanda Teresa;Mejia Rodriguez;F;13;2;61168010;Col. San Benito San Salvador;;4
676;Manuel Raul;Vargas Mejia;M;25;5;72175396;Res. Las Palmas San Salvador;81794497;4
677;Rodrigo Mario;Vargas Garcia;M;15;5;73186071;Barrio El Centro San Salvador;;5
678;Rosa Karla;Cordova Jimenez;F;45;3;69979856;Col. Miramonte San Salvador;31505334;3
679;Adriana Isabel;Figueroa Medina;F;72;1;61136880;Barrio El Centro San Salvador;20750109;4
680;Beatriz Paola;Medina Torres;F;7;1;74172251;Res. Las Palmas San Salvador;;6
681;Javier Manuel;Vazquez Hernandez;M;21;1;71806339;Col. Escalon San Salvador;90814633;6
682;Diana Fernanda;Rodriguez Cordova;F;23;3;61748146;Urb. Altavista San Salvador;94578152;1
683;Valeria Adriana;Ramirez Garcia;F;17;1;73443980;Col. Miramonte San Salvador;;2
684;Isabel Martha;Gonzalez Sanchez;F;50;3;65295642;Col. Miramonte San Salvador;79305456;6
685;Rodrigo Oscar;Silva Medina;M;30;3;70717256;Urb. Cumbres San Salvador;74205127;2
686;Manuel Pedro;Silva Velasquez;M;109;2;70991775;Barrio El Centro San Salvador;36664193;5
687;Fernando Rafael;Gomez Herrera;M;5;3;72660759;Col. Miramonte San Salvador;;2
688;Jose Samuel;Campos Figueroa;M;76;7;67674141;Res. Las Palmas San Salvador;72065617;2
689;Manuel Javier;Rivera Lopez;M;8;5;73456498;Col. Escalon San Salvador;;4
690;Elena Rosa;Chavez Rivera;F;6;3;79033513;Res. Las Palmas San Salvador;;4
691;Javier Enrique;Aguilar Ortiz;M;30;3;76580890;Res. Las Palmas San Salvador;40129725;5
692;Roberto Rodrigo;Romero Alvarez;M;37;1;76581531;Col. Escalon San Salvador;27475058;3
693;Daniela Patricia;Navarro Cruz;F;22;7;69494805;Col. Miramonte San Salvador;66147435;5
694;Fernando Pablo;Flores Rodriguez;M;14;1;69737259;Barrio El Centro San Salvador;;1
695;Oscar Mario;Jimenez Chavez;M;9;6;79558981;Urb. Cumbres San Salvador;;1
696;Jose Alberto;Ramirez Ramos;M;22;8;73339722;Col. Miramonte San Salvador;61471888;1
697;Paola Lucia;Castillo Hernandez;F;26;3;63197046;Col. San Benito San Salvador;16994436;2
698;Karla Claudia;Ruiz Mendoza;F;24;3;61527125;Col. San Benito San Salvador;44045250;3
699;Laura Monica;Pena Chavez;F;23;1;64437179;Col. San Benito San Salvador;87911634;3
700;Manuel Pedro;Vazquez Reyes;M;6;3;71380882;Urb. Cumbres San Salvador;;3
701;Juan Jorge;Ayala Guerrero;M;28;1;74526708;Urb. Altavista San Salvador;44951103;3
702;Jorge Carlos;Ramirez Reyes;M;3;1;69428817;Res. Vista Hermosa San Salvador;;3
703;Laura Marcela;Castillo Soto;F;46;1;68850247;Res. Vista Hermosa San Salvador;68488779;1
704;Jorge Andres;Reyes Cordova;M;24;3;65075602;Urb. Cumbres San Salvador;17143361;1
705;Luis Carlos;Morales Gomez;M;6;3;61203337;Urb. Cumbres San Salvador;;1
706;Sofia Fernanda;Ortiz Aguilar;F;26;1;63893120;Urb. Cumbres San Salvador;15474970;1
707;Teresa Fernanda;Campos Reyes;F;46;1;75359866;Urb. Cumbres San Salvador;25098270;2
708;Miguel Rafael;Gonzalez Cruz;M;43;1;69533366;Urb. Altavista San Salvador;32588172;6
709;Martha Marcela;Pena Velasquez;F;7;1;67126832;Col. San Benito San Salvador;;3
710;Fernando Samuel;Hernandez Jimenez;M;20;3;76713824;Res. Las Palmas San Salvador;54111700;6
711;Antonio Daniel;Silva Sanchez;M;9;1;73226143;Res. Vista Hermosa San Salvador;;1
712;Mauricio Jorge;Flores Rodriguez;M;13;3;62720030;Urb. Cumbres San Salvador;;1
713;Diana Adriana;Romero Navarro;F;49;1;60194795;Res. Vista Hermosa San Salvador;15885044;5
714;Isabel Paola;Maldonado Guzman;F;52;5;64339265;Col. Miramonte San Salvador;16534020;2
715;Isabel Valeria;Lopez Fuentes;F;16;1;62373106;Col. Escalon San Salvador;;2
716;Ricardo Manuel;Gomez Jimenez;M;7;5;73385442;Res. Las Palmas San Salvador;;5
717;Rodrigo Roberto;Rivera Vargas;M;48;3;73502177;Barrio El Centro San Salvador;96861418;6
718;Miguel Antonio;Reyes Aguilar;M;0;5;70405273;Urb. Altavista San Salvador;;4
719;Carolina Carmen;Chavez Vazquez;F;23;3;66706566;Urb. Cumbres San Salvador;69786268;4
720;Beatriz Gabriela;Guzman Navarro;F;23;1;74195893;Res. Las Palmas San Salvador;66711868;1
721;Lucia Sofia;Aguilar Contreras;F;46;4;74294761;Res. Las Palmas San Salvador;15427508;6
722;Diana Carolina;Morales Figueroa;F;25;1;65203275;Urb. Cumbres San Salvador;80770150;5
723;Antonio Mario;Aguilar Gonzalez;M;25;1;76025978;Barrio El Centro San Salvador;29945631;1
724;Daniel Hector;Mejia Jimenez;M;21;1;77552056;Col. Escalon San Salvador;49658873;2
725;Raul Juan;Martinez Vazquez;M;83;3;63611536;Col. Escalon San Salvador;65434526;6
726;Mario Daniel;Maldonado Guzman;M;24;7;68502033;Res. Vista Hermosa San Salvador;44206757;4
727;Alejandro Enrique;Rodriguez Sanchez;M;68;3;75531640;Urb. Altavista San Salvador;34455561;1
728;Ana Rosa;Medina Ayala;F;51;6;69987393;Res. Vista Hermosa San Salvador;88813775;6
729;Andrea Carolina;Castro Soto;F;26;1;68894420;Res. Vista Hermosa San Salvador;35124449;4
730;Pedro Juan;Fuentes Navarro;M;38;1;68701257;Res. Las Palmas San Salvador;68223505;4
731;Jose Ricardo;Sanchez Garcia;M;24;1;65762482;Urb. Cumbres San Salvador;71762034;4
732;Daniela Carolina;Fuentes Navarro;F;13;1;76331696;Barrio El Centro San Salvador;;1
733;Fernanda Carolina;Rojas Silva;F;25;1;73253907;Barrio El Centro San Salvador;21762188;3
734;Luis Jose;Diaz Sanchez;M;65;7;60533020;Col. Miramonte San Salvador;13599088;2
735;Alberto Diego;Flores Figueroa;M;6;1;68112797;Col. Escalon San Salvador;;6
736;Juan Antonio;Ortiz Flores;M;36;5;75904434;Col. Escalon San Salvador;12928205;2
737;Pedro Hector;Flores Fuentes;M;25;7;74940645;Urb. Cumbres San Salvador;73282209;1
738;Rodrigo Mario;Velasquez Jimenez;M;12;3;66755796;Barrio El Centro San Salvador;;5
739;Ana Isabel;Garcia Perez;F;1;7;74488399;Col. Escalon San Salvador;;3
740;Paola Martha;Navarro Maldonado;F;47;3;78599373;Barrio El Centro San Salvador;14968366;2
741;Monica Beatriz;Vazquez Velasquez;F;23;1;76371257;Col. Miramonte San Salvador;18147644;4
742;Fernando Sergio;Ramos Campos;M;34;4;62131061;Barrio El Centro San Salvador;97013391;1
743;Marcela Beatriz;Sanchez Reyes;F;26;2;71635472;Urb. Cumbres San Salvador;68549800;2
744;Pedro Antonio;Maldonado Diaz;M;6;2;75745096;Res. Vista Hermosa San Salvador;;5
745;Claudia Veronica;Morales Velasquez;F;22;8;71380086;Urb. Cumbres San Salvador;27603804;4
746;Paola Fernanda;Vargas Medina;F;32;4;72088170;Urb. Cumbres San Salvador;31746728;4
747;Antonio Javier;Fuentes Gonzalez;M;21;1;76203091;Urb. Altavista San Salvador;33258738;6
748;Pedro Oscar;Reyes Perez;M;10;3;73958118;Urb. Cumbres San Salvador;;2
749;Claudia Patricia;Campos Lopez;F;39;1;60608361;Res. Vista Hermosa San Salvador;45005058;1
750;Carolina Sofia;Gomez Vazquez;F;31;3;61072735;Res. Las Palmas San Salvador;55329991;1
751;Carmen Lucia;Morales Sanchez;F;10;2;78856968;Col. Miramonte San Salvador;;3
752;Gabriela Isabel;Mendoza Martinez;F;75;2;78690568;Barrio El Centro San Salvador;30290817;6
753;Javier Carlos;Castro Ortiz;M;55;2;63722221;Res. Las Palmas San Salvador;91949659;1
754;Mauricio Raul;Martinez Vazquez;M;25;3;63537009;Urb. Altavista San Salvador;94547252;2
755;Rodrigo Roberto;Chavez Rivera;M;23;8;69802020;Urb. Cumbres San Salvador;77900294;3
756;Paola Daniela;Perez Flores;F;73;1;72204985;Res. Vista Hermosa San Salvador;28491507;5
757;Rodrigo Roberto;Castro Medina;M;22;1;60221042;Col. Miramonte San Salvador;73574016;4
758;Laura Veronica;Rivera Gonzalez;F;24;1;68926003;Res. Vista Hermosa San Salvador;65701512;5
759;Adriana Carolina;Jimenez Flores;F;3;3;77772114;Col. Escalon San Salvador;;2
760;Luis Pablo;Aguilar Medina;M;24;3;73734141;Urb. Cumbres San Salvador;79277190;5
761;Maria Diana;Flores Garcia;F;67;3;77359341;Res. Las Palmas San Salvador;21378739;3
762;Isabel Monica;Rivera Aguilar;F;52;1;62062534;Col. Escalon San Salvador;14978636;4
763;Hector Sergio;Lopez Contreras;M;23;1;77440867;Barrio El Centro San Salvador;66278204;2
764;Marcela Carolina;Rojas Campos;F;18;1;70211386;Res. Vista Hermosa San Salvador;56192019;5
765;Mauricio Manuel;Guerrero Soto;M;49;3;64927864;Col. Escalon San Salvador;69886480;5
766;Hector Raul;Soto Soto;M;5;8;74835884;Res. Vista Hermosa San Salvador;;5
767;Andrea Patricia;Mejia Gonzalez;F;24;2;61240513;Res. Vista Hermosa San Salvador;62344046;1
768;Enrique Raul;Alvarez Cruz;M;25;2;63114507;Barrio El Centro San Salvador;79972515;2
769;Andrea Adriana;Rivera Rodriguez;F;24;3;60935874;Barrio El Centro San Salvador;42392076;1
770;Paola Sandra;Vazquez Sanchez;F;27;3;62011445;Res. Vista Hermosa San Salvador;44863921;2
771;Carmen Ana;Cordova Figueroa;F;54;1;64185908;Urb. Cumbres San Salvador;49991663;5
772;Mario Jorge;Jimenez Fuentes;M;24;1;79515050;Col. Miramonte San Salvador;57021454;1
773;Laura Carolina;Ayala Guzman;F;24;6;64696663;Col. Escalon San Salvador;79748476;6
774;Miguel Jorge;Guerrero Velasquez;M;28;1;66461082;Res. Vista Hermosa San Salvador;70976401;1
775;Luis Javier;Aguilar Medina;M;27;3;62749690;Res. Las Palmas San Salvador;18347493;5
776;Marcela Elena;Ruiz Cruz;F;24;5;74970782;Res. Las Palmas San Salvador;59565830;2
777;Martha Silvia;Guerrero Herrera;F;106;8;68848092;Urb. Cumbres San Salvador;95424369;5
778;Diana Fernanda;Reyes Maldonado;F;29;4;73989592;Urb. Altavista San Salvador;29373816;1
779;Alberto Javier;Ortiz Ramirez;M;37;1;77219647;Res. Las Palmas San Salvador;38540398;4
780;Beatriz Ana;Fuentes Rivera;F;23;3;78757823;Res. Vista Hermosa San Salvador;25940510;3
781;Carmen Carmen;Chavez Guzman;F;108;1;69717047;Col. San Benito San Salvador;80166008;3
782;Miguel Rafael;Mejia Chavez;M;30;3;70175719;Barrio El Centro San Salvador;75219822;2
783;Pablo Luis;Flores Velasquez;M;33;3;74151815;Col. San Benito San Salvador;50958413;5
784;Patricia Sofia;Fuentes Reyes;F;91;1;60069986;Res. Las Palmas San Salvador;83489212;5
785;Rosa Daniela;Martinez Medina;F;86;2;76145601;Barrio El Centro San Salvador;85935555;1
786;Marcela Isabel;Vargas Ruiz;F;58;3;64456350;Urb. Altavista San Salvador;77748258;2
787;Andrea Diana;Pena Castro;F;29;3;64999026;Res. Vista Hermosa San Salvador;21987653;3
788;Monica Claudia;Herrera Torres;F;23;3;78152761;Col. San Benito San Salvador;99985448;3
789;Paola Gabriela;Figueroa Gonzalez;F;30;1;65557109;Col. San Benito San Salvador;86771841;4
790;Silvia Adriana;Sanchez Figueroa;F;17;1;78768766;Res. Las Palmas San Salvador;;6
791;Oscar Raul;Guzman Cordova;M;8;3;61774169;Col. Miramonte San Salvador;;6
792;Veronica Marcela;Rodriguez Sanchez;F;5;1;77846241;Urb. Altavista San Salvador;;1
793;Manuel Pablo;Cruz Jimenez;M;25;7;79446563;Urb. Cumbres San Salvador;21361254;3
794;Monica Martha;Martinez Reyes;F;31;1;60780585;Res. Vista Hermosa San Salvador;68655485;1
795;Fernando Jose;Guerrero Ramos;M;10;1;72818161;Barrio El Centro San Salvador;;3
796;Miguel Miguel;Mora Rivera;M;23;7;69574815;Urb. Altavista San Salvador;34517408;2
797;Andrea Rosa;Flores Mejia;F;7;3;73665929;Urb. Altavista San Salvador;;4
798;Oscar Jorge;Gomez Rodriguez;M;51;1;61962994;Barrio El Centro San Salvador;62336822;3
799;Jorge Luis;Medina Ramos;M;26;3;68654838;Col. Escalon San Salvador;26235817;6
800;Roberto Francisco;Cordova Navarro;M;16;3;79663872;Col. Miramonte San Salvador;;1
801;Veronica Andrea;Vazquez Vargas;F;28;1;63861490;Barrio El Centro San Salvador;18137886;1
802;Diana Silvia;Medina Hernandez;F;26;2;76246100;Col. San Benito San Salvador;64692890;4
803;Samuel Hector;Rodriguez Romero;M;23;8;78591680;Res. Las Palmas San Salvador;43059986;5
804;Antonio Sergio;Medina Castro;M;14;1;62815497;Col. Miramonte San Salvador;;4
805;Rafael Raul;Rivera Jimenez;M;50;1;78036702;Col. Escalon San Salvador;84511273;1
806;Ana Maria;Ortiz Soto;F;21;3;69705601;Urb. Altavista San Salvador;10072871;3
807;Samuel Samuel;Ruiz Romero;M;77;4;68418436;Col. Escalon San Salvador;57166514;6
808;Sergio Mauricio;Vazquez Alvarez;M;31;3;61526214;Urb. Altavista San Salvador;81684250;6
809;Antonio Juan;Herrera Rojas;M;116;3;64126422;Urb. Altavista San Salvador;84689357;6
810;Marcela Sandra;Cruz Soto;F;12;3;76938956;Res. Vista Hermosa San Salvador;;5
811;Adriana Gabriela;Cordova Ayala;F;95;5;75190698;Barrio El Centro San Salvador;43007935;1
812;Isabel Patricia;Ortiz Navarro;F;7;1;71021196;Col. San Benito San Salvador;;1
813;Diego Samuel;Garcia Navarro;M;25;8;75989658;Col. San Benito San Salvador;11285619;5
814;Fernando Raul;Rojas Ayala;M;10;3;76407335;Col. Escalon San Salvador;;4
815;Pablo Hector;Figueroa Figueroa;M;69;4;62601244;Col. San Benito San Salvador;69750614;4
816;Rafael Mauricio;Vargas Navarro;M;9;2;72011337;Col. Escalon San Salvador;;1
817;Mauricio Alejandro;Rojas Garcia;M;23;8;64186380;Urb. Cumbres San Salvador;59725069;4
818;Mario Jose;Morales Fuentes;M;97;2;60663762;Barrio El Centro San Salvador;58025924;2
819;Juan Mauricio;Soto Contreras;M;1;8;70172983;Col. Miramonte San Salvador;;1
820;Alberto Rafael;Martinez Romero;M;27;8;76536894;Col. Miramonte San Salvador;10957697;4
821;Mauricio Diego;Herrera Sanchez;M;28;1;69306239;Urb. Cumbres San Salvador;32881048;2
822;Daniel Andres;Guzman Silva;M;10;3;78962959;Urb. Altavista San Salvador;;3
823;Sergio Luis;Fuentes Hernandez;M;34;6;64275871;Barrio El Centro San Salvador;86491124;3
824;Hector Enrique;Maldonado Romero;M;104;5;66437469;Col. San Benito San Salvador;81530199;2
825;Carolina Silvia;Ortiz Garcia;F;55;1;74331583;Col. San Benito San Salvador;53352227;5
826;Daniela Sandra;Romero Sanchez;F;52;1;77391103;Urb. Cumbres San Salvador;76514912;1
827;Veronica Andrea;Martinez Maldonado;F;3;3;67534587;Col. San Benito San Salvador;;6
828;Karla Sandra;Mora Castro;F;7;4;70611319;Col. San Benito San Salvador;;2
829;Patricia Isabel;Gonzalez Guzman;F;20;5;60851340;Col. Miramonte San Salvador;66884191;2
830;Samuel Francisco;Diaz Rivera;M;37;5;71046945;Barrio El Centro San Salvador;18434795;2
831;Jose Alberto;Aguilar Rodriguez;M;108;3;79882033;Res. Vista Hermosa San Salvador;43609390;3
832;Miguel Alberto;Jimenez Torres;M;15;3;61826463;Res. Vista Hermosa San Salvador;;4
833;Juan Alejandro;Navarro Soto;M;5;2;74714607;Res. Las Palmas San Salvador;;1
834;Martha Carmen;Gonzalez Lopez;F;29;5;61118828;Col. Escalon San Salvador;52047653;2
835;Pablo Luis;Lopez Castro;M;14;1;61838408;Barrio El Centro San Salvador;;1
836;Rosa Carmen;Silva Lopez;F;19;1;78765586;Col. San Benito San Salvador;49583058;6
837;Monica Carmen;Soto Cordova;F;8;1;73794495;Col. Miramonte San Salvador;;1
838;Mario Ricardo;Ortiz Aguilar;M;53;1;63398323;Res. Vista Hermosa San Salvador;97365194;1
839;Mario Enrique;Torres Velasquez;M;79;7;66458601;Res. Las Palmas San Salvador;23782772;1
840;Oscar Javier;Hernandez Velasquez;M;101;1;66496625;Urb. Altavista San Salvador;95545512;3
841;Teresa Sandra;Ruiz Maldonado;F;28;1;74919116;Urb. Altavista San Salvador;42635373;4
842;Pablo Carlos;Lopez Ramirez;M;80;1;70457804;Col. Escalon San Salvador;78870570;4
843;Laura Martha;Mora Flores;F;46;6;64946227;Urb. Cumbres San Salvador;51429578;3
844;Laura Teresa;Garcia Guerrero;F;28;6;79677658;Urb. Altavista San Salvador;17693044;5
845;Enrique Mauricio;Campos Lopez;M;23;3;74162021;Res. Vista Hermosa San Salvador;36227100;2
846;Diego Samuel;Diaz Hernandez;M;6;6;71460580;Col. Miramonte San Salvador;;3
847;Fernanda Fernanda;Ortiz Navarro;F;8;1;71111396;Res. Vista Hermosa San Salvador;;2
848;Sandra Isabel;Rivera Perez;F;20;1;75243848;Col. San Benito San Salvador;76562688;6
849;Samuel Jose;Contreras Morales;M;30;3;67726713;Urb. Cumbres San Salvador;93741127;3
850;Francisco Alberto;Fuentes Torres;M;21;3;72613507;Col. Miramonte San Salvador;63729043;1
851;Mauricio Jose;Chavez Garcia;M;43;7;62474007;Res. Vista Hermosa San Salvador;14028892;1
852;Luis Antonio;Castro Diaz;M;0;3;79652374;Res. Vista Hermosa San Salvador;;2
853;Jose Roberto;Diaz Alvarez;M;23;3;65843390;Col. Miramonte San Salvador;45164890;3
854;Jorge Rodrigo;Campos Jimenez;M;26;5;65990856;Col. Miramonte San Salvador;12884611;3
855;Mauricio Manuel;Perez Rodriguez;M;50;1;64605128;Col. Escalon San Salvador;97895055;5
856;Jorge Samuel;Cruz Mejia;M;9;3;75307655;Col. Miramonte San Salvador;;6
857;Valeria Teresa;Pena Rivera;F;30;1;77680727;Col. Escalon San Salvador;18774822;3
858;Luis Hector;Ramirez Diaz;M;13;3;66431756;Col. Escalon San Salvador;;4
859;Isabel Lucia;Aguilar Contreras;F;21;1;68205724;Col. San Benito San Salvador;92681879;3
860;Rodrigo Raul;Alvarez Flores;M;12;1;70995136;Col. Miramonte San Salvador;;4
861;Diego Pablo;Romero Ramirez;M;23;1;77054693;Urb. Cumbres San Salvador;38083391;4
862;Pablo Alberto;Pena Soto;M;3;1;62176778;Urb. Altavista San Salvador;;4
863;Andrea Marcela;Figueroa Cordova;F;25;4;77084524;Res. Vista Hermosa San Salvador;76919318;4
864;Sofia Isabel;Ayala Chavez;F;42;4;77632037;Urb. Cumbres San Salvador;76409861;1
865;Gabriela Martha;Herrera Contreras;F;106;3;79595205;Col. San Benito San Salvador;37809859;2
866;Hector Roberto;Castro Jimenez;M;24;4;73284198;Col. Miramonte San Salvador;51070495;3
867;Marcela Monica;Guzman Rivera;F;41;1;72552959;Barrio El Centro San Salvador;83893835;3
868;Luis Alejandro;Gonzalez Alvarez;M;109;3;74915123;Res. Vista Hermosa San Salvador;40893911;1
869;Mario Enrique;Soto Torres;M;27;3;74297622;Urb. Cumbres San Salvador;72753631;1
870;Sandra Teresa;Reyes Ramos;F;35;4;69161013;Col. Escalon San Salvador;13317620;1
871;Mario Francisco;Castillo Figueroa;M;23;5;62546393;Res. Vista Hermosa San Salvador;21062025;4
872;Natalia Veronica;Vazquez Mora;F;30;1;62622581;Barrio El Centro San Salvador;40566959;1
873;Miguel Juan;Chavez Martinez;M;8;5;78321594;Col. Miramonte San Salvador;;1
874;Patricia Carolina;Torres Castillo;F;11;5;70157449;Barrio El Centro San Salvador;;4
875;Javier Oscar;Ramirez Cordova;M;39;1;78224272;Barrio El Centro San Salvador;11145397;1
876;Laura Natalia;Mendoza Herrera;F;28;5;73614995;Col. San Benito San Salvador;73351303;2
877;Rodrigo Ricardo;Morales Morales;M;21;4;67042237;Urb. Cumbres San Salvador;41369795;1
878;Paola Natalia;Ortiz Torres;F;65;1;62881515;Res. Vista Hermosa San Salvador;35212337;5
879;Andrea Fernanda;Medina Cruz;F;24;8;74719685;Urb. Cumbres San Salvador;84953463;1
880;Rafael Luis;Guzman Ramirez;M;105;2;70253292;Col. San Benito San Salvador;77082048;4
881;Isabel Claudia;Medina Aguilar;F;90;3;73534808;Barrio El Centro San Salvador;53765651;5
882;Sergio Pablo;Martinez Ramirez;M;30;1;65157022;Res. Vista Hermosa San Salvador;86261289;1
883;Monica Patricia;Herrera Hernandez;F;50;3;77934527;Col. Escalon San Salvador;35278389;1
884;Carmen Isabel;Guzman Castro;F;36;2;70222205;Res. Las Palmas San Salvador;33008094;3
885;Daniel Raul;Gomez Martinez;M;29;1;76395142;Col. San Benito San Salvador;35057390;1
886;Juan Samuel;Vargas Alvarez;M;26;3;66908599;Col. Miramonte San Salvador;49071522;5
887;Mario Carlos;Chavez Guerrero;M;6;5;60370678;Urb. Altavista San Salvador;;3
888;Daniela Karla;Medina Herrera;F;17;5;65269235;Res. Las Palmas San Salvador;;1
889;Raul Fernando;Ruiz Fuentes;M;28;3;62307303;Col. Escalon San Salvador;37713235;5
890;Rodrigo Roberto;Mejia Aguilar;M;35;3;75930974;Urb. Altavista San Salvador;91028510;3
891;Martha Patricia;Vazquez Ayala;F;27;3;75400022;Barrio El Centro San Salvador;37072082;6
892;Luis Mario;Hernandez Herrera;M;116;1;68282580;Res. Vista Hermosa San Salvador;86400632;1
893;Diana Diana;Guzman Martinez;F;12;2;63056898;Barrio El Centro San Salvador;;1
894;Teresa Fernanda;Ayala Mejia;F;57;3;73122815;Urb. Altavista San Salvador;65707438;2
895;Pedro Hector;Soto Maldonado;M;76;1;74498085;Urb. Cumbres San Salvador;61628861;5
896;Javier Sergio;Perez Herrera;M;4;3;61465136;Col. Miramonte San Salvador;;5
897;Manuel Hector;Contreras Mora;M;21;3;69794189;Res. Las Palmas San Salvador;39159454;1
898;Sandra Andrea;Campos Sanchez;F;17;1;72372595;Res. Las Palmas San Salvador;;3
899;Enrique Alejandro;Ramos Medina;M;33;2;75130900;Urb. Altavista San Salvador;43925761;3
900;Enrique Carlos;Ortiz Rodriguez;M;33;3;62456033;Urb. Cumbres San Salvador;61157834;5
901;Paola Monica;Diaz Herrera;F;53;1;61267507;Col. San Benito San Salvador;43635732;4
902;Javier Samuel;Ramirez Ramos;M;4;1;75577495;Urb. Cumbres San Salvador;;5
903;Rosa Rosa;Campos Pena;F;48;3;68130024;Urb. Cumbres San Salvador;28824809;3
904;Natalia Gabriela;Rivera Rivera;F;28;1;60606198;Res. Las Palmas San Salvador;33788294;5
905;Carmen Silvia;Fuentes Herrera;F;62;3;65652357;Res. Las Palmas San Salvador;11504663;5
906;Elena Diana;Mendoza Gomez;F;31;1;67270320;Col. San Benito San Salvador;81443936;2
907;Mario Javier;Lopez Contreras;M;16;1;77544755;Res. Las Palmas San Salvador;;2
908;Fernanda Laura;Castro Lopez;F;7;3;60156556;Col. San Benito San Salvador;;4
909;Andrea Patricia;Jimenez Chavez;F;2;1;68004085;Col. Miramonte San Salvador;;4
910;Jose Fernando;Rodriguez Garcia;M;18;3;71311757;Col. Miramonte San Salvador;99784876;3
911;Francisco Hector;Perez Pena;M;43;3;65633214;Urb. Altavista San Salvador;15907259;3
912;Veronica Carmen;Ramos Ramos;F;29;3;78859406;Col. Miramonte San Salvador;93842238;2
913;Samuel Raul;Herrera Aguilar;M;40;1;64053508;Col. Miramonte San Salvador;38693064;5
914;Rafael Jorge;Gomez Garcia;M;29;3;73493562;Res. Vista Hermosa San Salvador;11608113;4
915;Patricia Diana;Morales Hernandez;F;2;3;69343487;Res. Vista Hermosa San Salvador;;2
916;Juan Hector;Cruz Medina;M;53;3;70117810;Urb. Cumbres San Salvador;23665188;1
917;Manuel Miguel;Navarro Ramos;M;11;5;73038092;Urb. Altavista San Salvador;;2
918;Sofia Adriana;Cordova Rojas;F;25;6;70669201;Urb. Cumbres San Salvador;19061506;1
919;Maria Lucia;Velasquez Castro;F;27;1;72830255;Col. Miramonte San Salvador;77567894;1
920;Francisco Jose;Soto Cordova;M;20;3;64162634;Barrio El Centro San Salvador;41728577;2
921;Andrea Claudia;Soto Gonzalez;F;22;3;62010682;Urb. Altavista San Salvador;60267710;2
922;Laura Patricia;Flores Vargas;F;19;5;66858033;Col. San Benito San Salvador;41952404;5
923;Paola Marcela;Torres Ramirez;F;21;3;69332374;Res. Vista Hermosa San Salvador;96382807;4
924;Enrique Pablo;Medina Figueroa;M;45;2;69678947;Col. San Benito San Salvador;40737204;4
925;Isabel Claudia;Cruz Mora;F;27;1;61814421;Col. Miramonte San Salvador;39855935;3
926;Veronica Isabel;Gomez Castro;F;68;1;60202758;Res. Las Palmas San Salvador;75987111;6
927;Roberto Carlos;Contreras Flores;M;26;1;66852486;Urb. Altavista San Salvador;22315737;1
928;Sergio Raul;Cruz Jimenez;M;8;1;77026342;Res. Las Palmas San Salvador;;1
929;Paola Diana;Mejia Rivera;F;25;1;66628217;Col. Miramonte San Salvador;66910568;6
930;Oscar Francisco;Mejia Alvarez;M;82;1;79341507;Urb. Cumbres San Salvador;95309294;1
931;Manuel Rodrigo;Ruiz Gonzalez;M;99;4;72065567;Col. Escalon San Salvador;60696383;6
932;Alberto Mario;Aguilar Vazquez;M;44;1;74543513;Urb. Altavista San Salvador;74693042;3
933;Alejandro Ricardo;Aguilar Gonzalez;M;42;2;70074099;Urb. Altavista San Salvador;84202557;1
934;Manuel Ricardo;Ortiz Mejia;M;59;3;75220394;Barrio El Centro San Salvador;60351362;2
935;Rosa Isabel;Ramirez Ayala;F;21;3;75745701;Col. Miramonte San Salvador;30766764;2
936;Jose Jose;Vazquez Maldonado;M;45;4;72558008;Urb. Cumbres San Salvador;64298487;2
937;Monica Paola;Chavez Vargas;F;8;3;76426609;Barrio El Centro San Salvador;;1
938;Fernando Hector;Martinez Sanchez;M;87;1;72912618;Urb. Altavista San Salvador;36068867;2
939;Gabriela Andrea;Cordova Maldonado;F;12;5;71696359;Urb. Cumbres San Salvador;;5
940;Fernanda Ana;Figueroa Vargas;F;7;1;74228432;Col. Miramonte San Salvador;;6
941;Alberto Carlos;Chavez Contreras;M;48;1;60948116;Urb. Altavista San Salvador;45075212;3
942;Carolina Elena;Castillo Jimenez;F;19;1;79405930;Urb. Altavista San Salvador;11655896;5
943;Alejandro Juan;Figueroa Ayala;M;8;1;72896569;Col. Escalon San Salvador;;5
944;Enrique Samuel;Diaz Aguilar;M;31;1;65564116;Col. Escalon San Salvador;43939802;1
945;Veronica Silvia;Pena Vargas;F;19;3;79665573;Barrio El Centro San Salvador;65245223;6
946;Miguel Diego;Guzman Mendoza;M;22;3;64788669;Barrio El Centro San Salvador;38122043;3
947;Fernanda Laura;Garcia Rivera;F;6;3;76499494;Col. San Benito San Salvador;;6
948;Juan Alejandro;Rojas Medina;M;30;3;77614801;Col. Escalon San Salvador;97848347;3
949;Paola Sandra;Rivera Gomez;F;14;4;72571214;Urb. Altavista San Salvador;;2
950;Roberto Alberto;Gomez Vazquez;M;41;1;63698981;Urb. Cumbres San Salvador;86113817;2
951;Pedro Roberto;Lopez Fuentes;M;41;5;66131381;Col. Miramonte San Salvador;44809624;2
952;Diana Adriana;Soto Perez;F;44;3;65574268;Res. Las Palmas San Salvador;49342650;2
953;Ricardo Miguel;Romero Hernandez;M;80;3;71480713;Col. San Benito San Salvador;88604129;4
954;Alberto Alberto;Silva Cordova;M;59;5;63382593;Col. San Benito San Salvador;18194860;3
955;Andrea Maria;Pena Velasquez;F;57;1;61404566;Res. Las Palmas San Salvador;38329115;3
956;Ricardo Oscar;Guerrero Cordova;M;112;1;68919969;Urb. Cumbres San Salvador;73516094;2
957;Lucia Sandra;Torres Chavez;F;19;1;71511768;Res. Vista Hermosa San Salvador;42158168;2
958;Carolina Monica;Vargas Soto;F;38;1;61920707;Res. Vista Hermosa San Salvador;54326109;5
959;Jose Mario;Rojas Herrera;M;7;5;64659470;Col. San Benito San Salvador;;2
960;Rodrigo Enrique;Romero Rojas;M;30;1;68339539;Res. Vista Hermosa San Salvador;70655417;3
961;Veronica Sandra;Pena Diaz;F;110;3;60104995;Res. Vista Hermosa San Salvador;12232081;2
962;Daniela Ana;Fuentes Ramos;F;55;3;74908440;Col. Miramonte San Salvador;91438353;2
963;Monica Paola;Soto Gonzalez;F;16;5;71688148;Col. Escalon San Salvador;;1
964;Carolina Daniela;Rojas Perez;F;50;1;72913709;Barrio El Centro San Salvador;91493489;4
965;Javier Luis;Guerrero Guzman;M;15;1;76932795;Col. San Benito San Salvador;;4
966;Alberto Pablo;Gonzalez Mejia;M;15;1;78412882;Urb. Cumbres San Salvador;;4
967;Hector Mario;Sanchez Ruiz;M;1;1;78141804;Col. Miramonte San Salvador;;2
968;Roberto Pedro;Cordova Pena;M;18;2;63000833;Res. Las Palmas San Salvador;68370404;6
969;Pedro Samuel;Ramos Vargas;M;26;1;69407248;Col. Miramonte San Salvador;44578317;6
970;Marcela Carolina;Sanchez Pena;F;43;2;64555229;Urb. Cumbres San Salvador;22138886;5
971;Daniela Claudia;Guzman Navarro;F;57;1;62169865;Res. Vista Hermosa San Salvador;60601468;5
972;Adriana Adriana;Campos Aguilar;F;28;2;67830512;Col. Miramonte San Salvador;44775001;1
973;Antonio Juan;Sanchez Gonzalez;M;27;3;71416487;Col. Miramonte San Salvador;25583513;5
974;Elena Daniela;Ramos Vargas;F;2;2;79358116;Col. San Benito San Salvador;;1
975;Ana Martha;Mora Diaz;F;64;1;73024002;Col. Escalon San Salvador;52901755;1
976;Valeria Carolina;Ramirez Guerrero;F;8;2;79823152;Col. Miramonte San Salvador;;1
977;Ricardo Jose;Mora Ortiz;M;29;1;70600725;Urb. Altavista San Salvador;49838982;6
978;Alberto Daniel;Ortiz Flores;M;8;1;69509085;Urb. Altavista San Salvador;;2
979;Oscar Jorge;Mejia Vazquez;M;19;7;64142764;Barrio El Centro San Salvador;87037211;2
980;Adriana Natalia;Cruz Reyes;F;8;3;69780952;Col. Escalon San Salvador;;6
981;Pablo Jorge;Flores Ayala;M;9;5;67067002;Col. Miramonte San Salvador;;6
982;Samuel Rodrigo;Gomez Reyes;M;45;1;73146890;Barrio El Centro San Salvador;98483078;1
983;Jose Raul;Herrera Torres;M;17;8;74174649;Urb. Cumbres San Salvador;;3
984;Andrea Monica;Herrera Hernandez;F;13;1;77711520;Barrio El Centro San Salvador;;1
985;Fernanda Karla;Diaz Rojas;F;44;3;78388165;Col. Escalon San Salvador;23062011;3
986;Jorge Alejandro;Velasquez Lopez;M;19;5;70203030;Urb. Cumbres San Salvador;97863486;4
987;Sergio Luis;Castro Rojas;M;57;1;76188057;Barrio El Centro San Salvador;29437798;5
988;Roberto Pablo;Fuentes Diaz;M;12;3;60306436;Res. Vista Hermosa San Salvador;;4
989;Daniel Pablo;Flores Vargas;M;34;7;74331469;Urb. Altavista San Salvador;17560687;5
990;Rafael Alberto;Gomez Lopez;M;43;3;63937506;Res. Vista Hermosa San Salvador;89643778;5
991;Elena Adriana;Maldonado Herrera;F;9;1;68220869;Col. San Benito San Salvador;;1
992;Francisco Ricardo;Reyes Mejia;M;59;1;65787703;Col. Escalon San Salvador;98384904;1
993;Alejandro Mario;Figueroa Vargas;M;27;4;69234717;Urb. Cumbres San Salvador;59301266;6
994;Miguel Miguel;Gonzalez Sanchez;M;29;1;76415446;Col. Miramonte San Salvador;13090599;1
995;Gabriela Fernanda;Fuentes Perez;F;21;1;79893718;Urb. Altavista San Salvador;61534222;4
996;Adriana Fernanda;Aguilar Mejia;F;45;1;79173777;Urb. Altavista San Salvador;23346779;4
997;Rosa Fernanda;Mora Gomez;F;77;5;73600635;Col. San Benito San Salvador;62854477;4
998;Rosa Veronica;Velasquez Mora;F;30;3;64163746;Col. Miramonte San Salvador;98393430;2
999;Pedro Rodrigo;Navarro Rojas;M;21;5;66037702;Col. San Benito San Salvador;84453495;2
1000;Valeria Isabel;Sanchez Martinez;F;79;3;64322347;Col. Miramonte San Salvador;97595925;1
